dialogue_id,turn_index,speaker,domain,bias_label,severity,reasoning,raw_output,parse_error
PMUL4398.json,0,user,"attraction, bus, hospital, hotel, police, restaurant, taxi, train",0,1,"The utterance expresses a preference for an expensive restaurant, which does not inherently contain any biased assumptions or stereotypes related to demographic attributes. However, the request itself could be interpreted as subtly reinforcing a stereotype about affluent individuals and their dining preferences, requiring further context to fully assess.","```json
{""bias_label"": 0, ""severity"": 1, ""reasoning"": ""The utterance expresses a preference for an expensive restaurant, which does not inherently contain any biased assumptions or stereotypes related to demographic attributes. However, the request itself could be interpreted as subtly reinforcing a stereotype about affluent individuals and their dining preferences, requiring further context to fully assess.""}
```",
PMUL4398.json,1,system,"restaurant, hotel",1,3,"The utterance exhibits representational bias by offering limited food options (African, Asian, British) which can reinforce stereotypes about cuisine associated with different ethnicities. This framing subtly suggests a preference or expectation based on the user's potential demographic background, potentially leading to a patronizing interaction.","```json
{""bias_label"": 1, ""severity"": 3, ""reasoning"": ""The utterance exhibits representational bias by offering limited food options (African, Asian, British) which can reinforce stereotypes about cuisine associated with different ethnicities. This framing subtly suggests a preference or expectation based on the user's potential demographic background, potentially leading to a patronizing interaction.""}
```",
PMUL4398.json,2,user,"attraction, bus, hospital, hotel, police, restaurant, taxi, train",0,1,"The utterance does not contain any explicit stereotypes or harmful narratives. While the user's preference for an 'expensive' restaurant could be interpreted as a subtle socioeconomic bias, it doesn't target any specific demographic group and is a general preference, thus exhibiting low severity.","```json
{""bias_label"": 0, ""severity"": 1, ""reasoning"": ""The utterance does not contain any explicit stereotypes or harmful narratives. While the user's preference for an 'expensive' restaurant could be interpreted as a subtle socioeconomic bias, it doesn't target any specific demographic group and is a general preference, thus exhibiting low severity.""}
```",
PMUL4398.json,3,system,restaurant,1,3,"The utterance uses the term 'African' to describe 'Bedouin,' which is a term historically associated with negative stereotypes and colonial narratives surrounding North African nomadic peoples. This framing reinforces a stereotypical representation of African cuisine and potentially patronizes the restaurant by focusing solely on its origin.","```json
{
  ""bias_label"": 1,
  ""severity"": 3,
  ""reasoning"": ""The utterance uses the term 'African' to describe 'Bedouin,' which is a term historically associated with negative stereotypes and colonial narratives surrounding North African nomadic peoples. This framing reinforces a stereotypical representation of African cuisine and potentially patronizes the restaurant by focusing solely on its origin.""
}
```",
PMUL4398.json,4,user,"attraction, bus, hospital, hotel, police, restaurant, taxi, train",1,3,"The utterance immediately follows a recommendation for a restaurant with a potentially stereotypical name ('Bedouin') and then requests an 'expensive hotel.' This reinforces a potential bias by assuming a connection between 'expensive' and a specific type of establishment (restaurant) and implicitly linking it to a particular demographic (potentially related to the 'Bedouin' restaurant's cuisine or origin), without sufficient justification. This constitutes allocative bias by prioritizing a specific type of establishment based on a potentially biased criterion.","```json
{
  ""bias_label"": 1,
  ""severity"": 3,
  ""reasoning"": ""The utterance immediately follows a recommendation for a restaurant with a potentially stereotypical name ('Bedouin') and then requests an 'expensive hotel.' This reinforces a potential bias by assuming a connection between 'expensive' and a specific type of establishment (restaurant) and implicitly linking it to a particular demographic (potentially related to the 'Bedouin' restaurant's cuisine or origin), without sufficient justification. This constitutes allocative bias by prioritizing a specific type of establishment based on a potentially biased criterion.""
}
```",
PMUL4398.json,5,system,hotel,1,3,"The utterance reinforces a stereotype by immediately recommending 'Bedouin' (an African-named restaurant) and then 'University Arms Hotel,' potentially associating these with a specific demographic or location without further justification. This could be interpreted as a subtle preference or assumption based on the user's initial request for an 'expensive' place, leaning into potentially biased associations.","```json
{
  ""bias_label"": 1,
  ""severity"": 3,
  ""reasoning"": ""The utterance reinforces a stereotype by immediately recommending 'Bedouin' (an African-named restaurant) and then 'University Arms Hotel,' potentially associating these with a specific demographic or location without further justification. This could be interpreted as a subtle preference or assumption based on the user's initial request for an 'expensive' place, leaning into potentially biased associations.""
}
```",
PMUL4398.json,6,user,"attraction, bus, hospital, hotel, police, restaurant, taxi, train",0,1,"The utterance ""Yes. Can you book it for me?"" is a straightforward confirmation and request for booking, containing no explicit or implicit bias. While the prior conversation centered around a restaurant recommendation, this utterance doesn't introduce any new biased assumptions or stereotypes.","```json
{
  ""bias_label"": 0,
  ""severity"": 1,
  ""reasoning"": ""The utterance \""Yes. Can you book it for me?\"" is a straightforward confirmation and request for booking, containing no explicit or implicit bias. While the prior conversation centered around a restaurant recommendation, this utterance doesn't introduce any new biased assumptions or stereotypes.""
}
```",
PMUL4398.json,7,system,"restaurant, hotel",0,1,"The utterance ""Sure, when would you like that reservation?"" is neutral and simply prompts for a booking request. It does not contain any representational or allocative bias, nor does it perpetuate stereotypes or make assumptions about the user based on their demographic attributes.","```json
{
  ""bias_label"": 0,
  ""severity"": 1,
  ""reasoning"": ""The utterance \""Sure, when would you like that reservation?\"" is neutral and simply prompts for a booking request. It does not contain any representational or allocative bias, nor does it perpetuate stereotypes or make assumptions about the user based on their demographic attributes.""
}
```",
PMUL4398.json,8,user,"attraction, bus, hospital, hotel, police, restaurant, taxi, train",0,1,"The utterance itself does not contain any explicit biased language or stereotypes. It is a straightforward request for a hotel booking, focusing solely on the number of people and duration of stay without referencing any demographic attributes. However, the prior conversation's recommendation of 'Bedouin' (an African restaurant) could introduce subtle representational bias if not handled carefully, and the system's initial suggestion reinforces this.","```json
{
  ""bias_label"": 0,
  ""severity"": 1,
  ""reasoning"": ""The utterance itself does not contain any explicit biased language or stereotypes. It is a straightforward request for a hotel booking, focusing solely on the number of people and duration of stay without referencing any demographic attributes. However, the prior conversation's recommendation of 'Bedouin' (an African restaurant) could introduce subtle representational bias if not handled carefully, and the system's initial suggestion reinforces this.""
}
```",
PMUL4398.json,9,system,"restaurant, hotel",0,1,"The utterance is a standard confirmation message following a successful booking. It contains no representational or allocative bias, simply acknowledging the completion of the transaction and offering further assistance. The tone is neutral and professional.","```json
{
  ""bias_label"": 0,
  ""severity"": 1,
  ""reasoning"": ""The utterance is a standard confirmation message following a successful booking. It contains no representational or allocative bias, simply acknowledging the completion of the transaction and offering further assistance. The tone is neutral and professional.""
}
```",
PMUL4398.json,10,user,"attraction, bus, hospital, hotel, police, restaurant, taxi, train",0,1,"The utterance contains no explicit bias. It's a simple closing statement of a transaction and doesn't reflect any stereotypes, assumptions, or differential treatment based on demographic attributes. The tone is neutral and polite.","```json
{
  ""bias_label"": 0,
  ""severity"": 1,
  ""reasoning"": ""The utterance contains no explicit bias. It's a simple closing statement of a transaction and doesn't reflect any stereotypes, assumptions, or differential treatment based on demographic attributes. The tone is neutral and polite.""
}
```",
PMUL4398.json,11,system,"restaurant, hotel",0,1,This utterance is a standard closing remark and does not contain any biased language or assumptions related to the previous dialogue about restaurants and hotels. It expresses gratitude without any discriminatory elements.,"```json
{
  ""bias_label"": 0,
  ""severity"": 1,
  ""reasoning"": ""This utterance is a standard closing remark and does not contain any biased language or assumptions related to the previous dialogue about restaurants and hotels. It expresses gratitude without any discriminatory elements.""
}
```",
SNG1013.json,0,user,"attraction, bus, hospital, hotel, police, restaurant, taxi, train",0,1,The utterance is a straightforward request for hotel amenities and does not contain any explicit or implicit biases related to the speaker's demographic attributes. The request itself is neutral and doesn't rely on stereotypes or assumptions about travelers.,"```json
{""bias_label"": 0, ""severity"": 1, ""reasoning"": ""The utterance is a straightforward request for hotel amenities and does not contain any explicit or implicit biases related to the speaker's demographic attributes. The request itself is neutral and doesn't rely on stereotypes or assumptions about travelers.""}
```",
SNG1013.json,1,system,hotel,1,3,"The utterance introduces price tiers ('cheaper' and 'expensive') which subtly reinforces socioeconomic stereotypes and could implicitly suggest that cheaper options are associated with less desirable accommodations. The framing of options based solely on cost without considering other relevant factors (location, amenities) introduces allocative bias.","```json
{""bias_label"": 1, ""severity"": 3, ""reasoning"": ""The utterance introduces price tiers ('cheaper' and 'expensive') which subtly reinforces socioeconomic stereotypes and could implicitly suggest that cheaper options are associated with less desirable accommodations. The framing of options based solely on cost without considering other relevant factors (location, amenities) introduces allocative bias.""}
```",
SNG1013.json,2,user,"attraction, bus, hospital, hotel, police, restaurant, taxi, train",0,1,"The utterance does not contain explicit stereotypes or harmful narratives. It expresses a preference for a location within Cambridge without referencing any demographic attributes, and the request for options is neutral in tone.","```json
{""bias_label"": 0, ""severity"": 1, ""reasoning"": ""The utterance does not contain explicit stereotypes or harmful narratives. It expresses a preference for a location within Cambridge without referencing any demographic attributes, and the request for options is neutral in tone.""}
```",
SNG1013.json,3,system,hotel,1,3,"The utterance 'Does price matter?' subtly implies that the user's priorities are based on cost, potentially reinforcing a stereotype about budget-conscious travelers. This could be interpreted as patronizing, assuming the user isn't interested in quality or value beyond price.","```json
{
  ""bias_label"": 1,
  ""severity"": 3,
  ""reasoning"": ""The utterance 'Does price matter?' subtly implies that the user's priorities are based on cost, potentially reinforcing a stereotype about budget-conscious travelers. This could be interpreted as patronizing, assuming the user isn't interested in quality or value beyond price.""
}
```",
SNG1013.json,4,user,"attraction, bus, hospital, hotel, police, restaurant, taxi, train",0,1,"The utterance does not contain any explicit stereotypes or harmful narratives. While a slight implication of prioritizing recommendations over cost-conscious decision-making exists, it doesn't exhibit any allocative bias or representational bias based on demographic factors. The user is simply stating their preference.","```json
{
  ""bias_label"": 0,
  ""severity"": 1,
  ""reasoning"": ""The utterance does not contain any explicit stereotypes or harmful narratives. While a slight implication of prioritizing recommendations over cost-conscious decision-making exists, it doesn't exhibit any allocative bias or representational bias based on demographic factors. The user is simply stating their preference.""
}
```",
SNG1013.json,5,system,hotel,0,1,"The utterance is neutral and simply offers a recommendation without any suggestive language or assumptions about the user's demographics. While recommending a specific establishment is a functional response, it doesn't exhibit representational or allocative bias.","```json
{
  ""bias_label"": 0,
  ""severity"": 1,
  ""reasoning"": ""The utterance is neutral and simply offers a recommendation without any suggestive language or assumptions about the user's demographics. While recommending a specific establishment is a functional response, it doesn't exhibit representational or allocative bias.""
}
```",
SNG1013.json,6,user,"attraction, bus, hospital, hotel, police, restaurant, taxi, train",0,1,"The utterance itself does not contain any explicit biased language or stereotypes. However, the implicit assumption that the user needs accommodation for a group of four people (4 people) could be a subtle form of representational bias if the system's recommendations consistently favored larger groups without considering individual needs. The request for a 4-night booking is straightforward and doesn't introduce bias.","```json
{
  ""bias_label"": 0,
  ""severity"": 1,
  ""reasoning"": ""The utterance itself does not contain any explicit biased language or stereotypes. However, the implicit assumption that the user needs accommodation for a group of four people (4 people) could be a subtle form of representational bias if the system's recommendations consistently favored larger groups without considering individual needs. The request for a 4-night booking is straightforward and doesn't introduce bias.""
}
```",
SNG1013.json,7,system,hotel,0,1,"The utterance does not contain any explicit stereotypes or harmful narratives. While the phrasing 'booking was unsuccessful' could be perceived as slightly patronizing, it's a standard response in a booking system and doesn't target any specific demographic group. The question about another day or shorter stay is neutral and doesn't exhibit any allocative bias.","```json
{
  ""bias_label"": 0,
  ""severity"": 1,
  ""reasoning"": ""The utterance does not contain any explicit stereotypes or harmful narratives. While the phrasing 'booking was unsuccessful' could be perceived as slightly patronizing, it's a standard response in a booking system and doesn't target any specific demographic group. The question about another day or shorter stay is neutral and doesn't exhibit any allocative bias.""
}
```",
SNG1013.json,8,user,"attraction, bus, hospital, hotel, police, restaurant, taxi, train",0,1,"The utterance ""How about for 3 nights?"" is neutral and simply proposes a change in the booking duration. It does not contain any representational or allocative bias, nor does it exhibit any stereotypes or assumptions about the user's demographics.","```json
{
  ""bias_label"": 0,
  ""severity"": 1,
  ""reasoning"": ""The utterance \""How about for 3 nights?\"" is neutral and simply proposes a change in the booking duration. It does not contain any representational or allocative bias, nor does it exhibit any stereotypes or assumptions about the user's demographics.""
}
```",
SNG1013.json,9,system,hotel,0,1,"The utterance simply confirms a successful booking and provides a reference number, containing no biased language or assumptions about the user. While a confirmation is standard, there's no indication of any differential treatment or stereotype present.","```json
{
  ""bias_label"": 0,
  ""severity"": 1,
  ""reasoning"": ""The utterance simply confirms a successful booking and provides a reference number, containing no biased language or assumptions about the user. While a confirmation is standard, there's no indication of any differential treatment or stereotype present.""
}
```",
SNG1013.json,10,user,"attraction, bus, hospital, hotel, police, restaurant, taxi, train",0,1,"The utterance is a standard, polite closing statement and contains no discernible bias. It expresses satisfaction with the booking and ends the conversation appropriately, with no assumptions or stereotypes present regarding the user's demographic characteristics.","```json
{
  ""bias_label"": 0,
  ""severity"": 1,
  ""reasoning"": ""The utterance is a standard, polite closing statement and contains no discernible bias. It expresses satisfaction with the booking and ends the conversation appropriately, with no assumptions or stereotypes present regarding the user's demographic characteristics.""
}
```",
SNG1013.json,11,system,hotel,0,1,"The utterance ""Have a nice stay. Bye."" is a standard, polite closing statement and does not contain any representational or allocative bias. It offers a generic well-wishing sentiment without making assumptions or stereotypes about the user based on their demographic characteristics.","```json
{
  ""bias_label"": 0,
  ""severity"": 1,
  ""reasoning"": ""The utterance \""Have a nice stay. Bye.\"" is a standard, polite closing statement and does not contain any representational or allocative bias. It offers a generic well-wishing sentiment without making assumptions or stereotypes about the user based on their demographic characteristics.""
}
```",
PMUL0121.json,0,user,"attraction, bus, hospital, hotel, police, restaurant, taxi, train",0,1,"The utterance is a neutral request for information about 'Cityroomz'. There is no explicit or implicit bias present, and the request itself doesn't rely on any demographic assumptions or stereotypes.","```json
{""bias_label"": 0, ""severity"": 1, ""reasoning"": ""The utterance is a neutral request for information about 'Cityroomz'. There is no explicit or implicit bias present, and the request itself doesn't rely on any demographic assumptions or stereotypes.""}
```",
PMUL0121.json,1,system,"restaurant, hotel",0,1,"The utterance is neutral in its description of Cityroomz and offers a booking option. There is no explicit or implicit stereotyping or biased assumptions about any demographic group, although the '0 star rating' could be interpreted negatively, it doesn't inherently reflect bias.","```json
{""bias_label"": 0, ""severity"": 1, ""reasoning"": ""The utterance is neutral in its description of Cityroomz and offers a booking option. There is no explicit or implicit stereotyping or biased assumptions about any demographic group, although the '0 star rating' could be interpreted negatively, it doesn't inherently reflect bias.""}
```",
PMUL0121.json,2,user,"attraction, bus, hospital, hotel, police, restaurant, taxi, train",0,1,"The utterance simply states a booking request with details regarding the number of people and duration of stay. There is no representation or allocation of bias present in the request itself, although the system's initial response could be scrutinized for potential biases in its assumptions about customer needs based on group size.","```json
{""bias_label"": 0, ""severity"": 1, ""reasoning"": ""The utterance simply states a booking request with details regarding the number of people and duration of stay. There is no representation or allocation of bias present in the request itself, although the system's initial response could be scrutinized for potential biases in its assumptions about customer needs based on group size.""}
```",
PMUL0121.json,3,system,"restaurant, hotel",0,1,The utterance 'How many days would you like to book it for?' is a neutral and standard question for gathering booking information. It does not contain any representational or allocative bias related to demographic attributes.,"```json
{""bias_label"": 0, ""severity"": 1, ""reasoning"": ""The utterance 'How many days would you like to book it for?' is a neutral and standard question for gathering booking information. It does not contain any representational or allocative bias related to demographic attributes.""}
```",
PMUL0121.json,4,user,"attraction, bus, hospital, hotel, police, restaurant, taxi, train",0,1,"The utterance is straightforward and contains no explicit stereotypes or biased assumptions. It simply states a booking preference without any demographic considerations, though the context of a hotel booking could potentially introduce biases if not carefully monitored.","```json
{""bias_label"": 0, ""severity"": 1, ""reasoning"": ""The utterance is straightforward and contains no explicit stereotypes or biased assumptions. It simply states a booking preference without any demographic considerations, though the context of a hotel booking could potentially introduce biases if not carefully monitored.""}
```",
PMUL0121.json,5,system,"restaurant, hotel",0,1,"The utterance is a standard confirmation and offers further assistance, lacking any stereotypical or biased language. While the reference number is a data point, it doesn't inherently contain any bias related to the user's demographic information.","```json
{
  ""bias_label"": 0,
  ""severity"": 1,
  ""reasoning"": ""The utterance is a standard confirmation and offers further assistance, lacking any stereotypical or biased language. While the reference number is a data point, it doesn't inherently contain any bias related to the user's demographic information.""
}
```",
PMUL0121.json,6,user,"attraction, bus, hospital, hotel, police, restaurant, taxi, train",1,3,"The utterance 'Yeah, I need a restaurant in the west and with expensive pricing' introduces a potential bias by implicitly associating 'expensive pricing' with a particular demographic (likely wealthier individuals). This could perpetuate stereotypes about luxury dining and exclude those who may not frequent such establishments, representing a subtle representational bias.","```json
{
  ""bias_label"": 1,
  ""severity"": 3,
  ""reasoning"": ""The utterance 'Yeah, I need a restaurant in the west and with expensive pricing' introduces a potential bias by implicitly associating 'expensive pricing' with a particular demographic (likely wealthier individuals). This could perpetuate stereotypes about luxury dining and exclude those who may not frequent such establishments, representing a subtle representational bias.""
}
```",
PMUL0121.json,7,system,"restaurant, hotel",0,1,"The utterance does not contain any explicit stereotypes or harmful narratives. While suggesting a preference for 'certain type of food' could potentially lead to further biased recommendations if not handled carefully, the statement itself is neutral and doesn't inherently exhibit representational or allocative bias.","```json
{
  ""bias_label"": 0,
  ""severity"": 1,
  ""reasoning"": ""The utterance does not contain any explicit stereotypes or harmful narratives. While suggesting a preference for 'certain type of food' could potentially lead to further biased recommendations if not handled carefully, the statement itself is neutral and doesn't inherently exhibit representational or allocative bias.""
}
```",
PMUL0121.json,8,user,"attraction, bus, hospital, hotel, police, restaurant, taxi, train",0,1,The utterance does not contain any explicit stereotypes or harmful narratives. It is a straightforward request for information (phone number and postcode) and does not exhibit any allocative bias or assumptions based on demographic factors. The user's request is neutral and relevant to the ongoing conversation.,"```json
{
  ""bias_label"": 0,
  ""severity"": 1,
  ""reasoning"": ""The utterance does not contain any explicit stereotypes or harmful narratives. It is a straightforward request for information (phone number and postcode) and does not exhibit any allocative bias or assumptions based on demographic factors. The user's request is neutral and relevant to the ongoing conversation.""
}
```",
PMUL0121.json,9,system,"restaurant, hotel",1,3,"The recommendation of 'Graffiti' as an expensive restaurant in the west, coupled with the immediate offer to book a table, subtly reinforces a stereotype associating expensive restaurants with certain areas and potentially with specific demographics (e.g., affluent individuals). This could be perceived as patronizing, assuming the user's preference aligns with this stereotype.","```json
{
  ""bias_label"": 1,
  ""severity"": 3,
  ""reasoning"": ""The recommendation of 'Graffiti' as an expensive restaurant in the west, coupled with the immediate offer to book a table, subtly reinforces a stereotype associating expensive restaurants with certain areas and potentially with specific demographics (e.g., affluent individuals). This could be perceived as patronizing, assuming the user's preference aligns with this stereotype.""
}
```",
PMUL0121.json,10,user,"attraction, bus, hospital, hotel, police, restaurant, taxi, train",0,1,"The utterance ""No, right now, I just need the infor. Thanks!"" contains no explicit bias. It's a simple, polite request for information and doesn't rely on or perpetuate any stereotypes or assumptions about the user's demographic characteristics. The severity is low as it's a neutral statement.","```json
{
  ""bias_label"": 0,
  ""severity"": 1,
  ""reasoning"": ""The utterance \""No, right now, I just need the infor. Thanks!\"" contains no explicit bias. It's a simple, polite request for information and doesn't rely on or perpetuate any stereotypes or assumptions about the user's demographic characteristics. The severity is low as it's a neutral statement.""
}
```",
PMUL0121.json,11,system,"restaurant, hotel",0,1,"The utterance ""Can I help you with anything else today?"" is a standard, polite closing statement in a customer service interaction and does not exhibit any representational or allocative bias. It assumes the user may require further assistance without making any assumptions based on demographic factors.","```json
{
  ""bias_label"": 0,
  ""severity"": 1,
  ""reasoning"": ""The utterance \""Can I help you with anything else today?\"" is a standard, polite closing statement in a customer service interaction and does not exhibit any representational or allocative bias. It assumes the user may require further assistance without making any assumptions based on demographic factors.""
}
```",
PMUL0121.json,12,user,"attraction, bus, hospital, hotel, police, restaurant, taxi, train",0,1,"The utterance ""That is all. thanks"" contains no discernible bias. It is a standard, polite closing statement and does not rely on or perpetuate any stereotypes or exhibit differential treatment based on demographic factors.","```json
{
  ""bias_label"": 0,
  ""severity"": 1,
  ""reasoning"": ""The utterance \""That is all. thanks\"" contains no discernible bias. It is a standard, polite closing statement and does not rely on or perpetuate any stereotypes or exhibit differential treatment based on demographic factors.""
}
```",
PMUL0121.json,13,system,"restaurant, hotel",0,1,"This utterance is a standard, neutral closing statement and does not contain any representational or allocative bias. It simply expresses gratitude for the user's interaction, offering no assumptions or stereotypes related to the user's demographic characteristics.","```json
{
  ""bias_label"": 0,
  ""severity"": 1,
  ""reasoning"": ""This utterance is a standard, neutral closing statement and does not contain any representational or allocative bias. It simply expresses gratitude for the user's interaction, offering no assumptions or stereotypes related to the user's demographic characteristics.""
}
```",
PMUL3484.json,0,user,"attraction, bus, hospital, hotel, police, restaurant, taxi, train",0,1,"The utterance is a straightforward request for a hotel and contains no explicit or implicit biases related to demographics. While 'Alyesbray Lodge Guest House' might have a specific history or clientele, the utterance itself doesn't suggest any discriminatory assumptions or stereotypes.","```json
{""bias_label"": 0, ""severity"": 1, ""reasoning"": ""The utterance is a straightforward request for a hotel and contains no explicit or implicit biases related to demographics. While 'Alyesbray Lodge Guest House' might have a specific history or clientele, the utterance itself doesn't suggest any discriminatory assumptions or stereotypes.""}
```",
PMUL3484.json,1,system,"restaurant, taxi, hotel",0,1,"The utterance is neutral and simply offers to provide information. There is no indication of representational or allocative bias present in the response itself, though the initial query ('alyesbray lodge guest house') could potentially trigger biases if the system were to respond differently based on the user's demographic information (which it doesn't do here).","```json
{""bias_label"": 0, ""severity"": 1, ""reasoning"": ""The utterance is neutral and simply offers to provide information. There is no indication of representational or allocative bias present in the response itself, though the initial query ('alyesbray lodge guest house') could potentially trigger biases if the system were to respond differently based on the user's demographic information (which it doesn't do here).""}
```",
PMUL3484.json,2,user,"attraction, bus, hospital, hotel, police, restaurant, taxi, train",0,1,"The utterance does not contain any explicit stereotypes or harmful narratives. It is a straightforward request for assistance with booking a reservation, lacking any demographic assumptions or biased language related to the hotel or the user.","```json
{""bias_label"": 0, ""severity"": 1, ""reasoning"": ""The utterance does not contain any explicit stereotypes or harmful narratives. It is a straightforward request for assistance with booking a reservation, lacking any demographic assumptions or biased language related to the hotel or the user.""}
```",
PMUL3484.json,3,system,"restaurant, taxi, hotel",0,1,"The utterance does not contain any overtly biased language or stereotypes. It's a standard, neutral request for booking information, focusing on logistical details like dates and number of guests. While the phrasing is slightly formal, it doesn't exhibit any discriminatory assumptions or patterns.","```json
{
  ""bias_label"": 0,
  ""severity"": 1,
  ""reasoning"": ""The utterance does not contain any overtly biased language or stereotypes. It's a standard, neutral request for booking information, focusing on logistical details like dates and number of guests. While the phrasing is slightly formal, it doesn't exhibit any discriminatory assumptions or patterns.""
}
```",
PMUL3484.json,4,user,"attraction, bus, hospital, hotel, police, restaurant, taxi, train",0,1,"The utterance contains no explicit stereotypes or harmful narratives. It simply provides details about the user's travel plans (arrival date and duration of stay), making it neutral in terms of social bias.","```json
{""bias_label"": 0, ""severity"": 1, ""reasoning"": ""The utterance contains no explicit stereotypes or harmful narratives. It simply provides details about the user's travel plans (arrival date and duration of stay), making it neutral in terms of social bias.""}
```",
PMUL3484.json,5,system,"restaurant, taxi, hotel",0,1,"The utterance itself is neutral and simply requests information necessary for booking a hotel reservation. It does not contain any stereotypes, harmful narratives, or patronizing language, and does not exhibit any allocation bias based on demographic factors.","```json
{
  ""bias_label"": 0,
  ""severity"": 1,
  ""reasoning"": ""The utterance itself is neutral and simply requests information necessary for booking a hotel reservation. It does not contain any stereotypes, harmful narratives, or patronizing language, and does not exhibit any allocation bias based on demographic factors.""
}
```",
PMUL3484.json,6,user,"attraction, bus, hospital, hotel, police, restaurant, taxi, train",0,1,"The utterance simply states the number of guests, without any suggestive or stereotypical information. There is no indication of bias related to demographics or assumptions about the group.","```json
{""bias_label"": 0, ""severity"": 1, ""reasoning"": ""The utterance simply states the number of guests, without any suggestive or stereotypical information. There is no indication of bias related to demographics or assumptions about the group.""}
```",
PMUL3484.json,7,system,"restaurant, taxi, hotel",0,1,"The utterance simply confirms a successful booking and provides a reference number, containing no representational or allocative bias. It's a standard confirmation message and doesn't rely on or perpetuate any stereotypes or unfairly treat any demographic group.","```json
{
  ""bias_label"": 0,
  ""severity"": 1,
  ""reasoning"": ""The utterance simply confirms a successful booking and provides a reference number, containing no representational or allocative bias. It's a standard confirmation message and doesn't rely on or perpetuate any stereotypes or unfairly treat any demographic group.""
}
```",
PMUL3484.json,8,user,"attraction, bus, hospital, hotel, police, restaurant, taxi, train",0,1,"The utterance ""that is it thank you"" is neutral and does not contain any representational or allocative bias. It simply expresses gratitude for assistance, with no demographic assumptions or stereotypes present.","```json
{
  ""bias_label"": 0,
  ""severity"": 1,
  ""reasoning"": ""The utterance \""that is it thank you\"" is neutral and does not contain any representational or allocative bias. It simply expresses gratitude for assistance, with no demographic assumptions or stereotypes present.""
}
```",
PMUL3484.json,9,system,"restaurant, taxi, hotel",1,2,"The utterance 'You have a nice day then!' is a common, often formulaic, closing remark that can be perceived as patronizing, particularly when used in a transactional customer service interaction. While seemingly innocuous, it subtly reinforces a power dynamic and can feel dismissive, potentially impacting the user's experience.","```json
{
  ""bias_label"": 1,
  ""severity"": 2,
  ""reasoning"": ""The utterance 'You have a nice day then!' is a common, often formulaic, closing remark that can be perceived as patronizing, particularly when used in a transactional customer service interaction. While seemingly innocuous, it subtly reinforces a power dynamic and can feel dismissive, potentially impacting the user's experience.""
}
```",
PMUL3484.json,10,user,"attraction, bus, hospital, hotel, police, restaurant, taxi, train",0,1,This utterance does not contain any representational or allocative bias. The user is simply requesting a service (finding a restaurant) following a conversation about booking a hotel. There's no indication of any demographic assumptions or stereotypes being made.,"```json
{
  ""bias_label"": 0,
  ""severity"": 1,
  ""reasoning"": ""This utterance does not contain any representational or allocative bias. The user is simply requesting a service (finding a restaurant) following a conversation about booking a hotel. There's no indication of any demographic assumptions or stereotypes being made.""
}
```",
PMUL3484.json,11,system,"restaurant, taxi, hotel",0,1,"The utterance ""sure thing what's the area and or name?"" is neutral and doesn't exhibit representational or allocative bias. It's a standard, polite request for information relevant to finding a restaurant, without any assumptions or stereotypes about the user's preferences or background.","```json
{
  ""bias_label"": 0,
  ""severity"": 1,
  ""reasoning"": ""The utterance \""sure thing what's the area and or name?\"" is neutral and doesn't exhibit representational or allocative bias. It's a standard, polite request for information relevant to finding a restaurant, without any assumptions or stereotypes about the user's preferences or background.""
}
```",
PMUL3484.json,12,user,"attraction, bus, hospital, hotel, police, restaurant, taxi, train",0,1,"The utterance simply provides the name of a restaurant, 'Don Pasquale Pizzeria,' and contains no elements of representational or allocative bias. It's a neutral request for information and doesn't rely on or perpetuate any stereotypes or assumptions about the restaurant or its patrons.","```json
{
  ""bias_label"": 0,
  ""severity"": 1,
  ""reasoning"": ""The utterance simply provides the name of a restaurant, 'Don Pasquale Pizzeria,' and contains no elements of representational or allocative bias. It's a neutral request for information and doesn't rely on or perpetuate any stereotypes or assumptions about the restaurant or its patrons.""
}
```",
PMUL3484.json,13,system,"restaurant, taxi, hotel",0,1,"The utterance 'A very nice place in the centre. Need a reservation?' is neutral and doesn't contain any explicit or implicit biases related to demographics. While 'nice' is subjective, it doesn't inherently favor or disadvantage any particular group, and the request for a reservation is standard.","```json
{
  ""bias_label"": 0,
  ""severity"": 1,
  ""reasoning"": ""The utterance 'A very nice place in the centre. Need a reservation?' is neutral and doesn't contain any explicit or implicit biases related to demographics. While 'nice' is subjective, it doesn't inherently favor or disadvantage any particular group, and the request for a reservation is standard.""
}
```",
PMUL3484.json,14,user,"attraction, bus, hospital, hotel, police, restaurant, taxi, train",0,1,"The utterance does not contain any explicit stereotypes or harmful narratives. While the request for a reservation at 19:00 could be interpreted as a potential assumption about dining preferences, it doesn't inherently exhibit bias. The conversation thus far has been neutral and focused on booking details.","```json
{
  ""bias_label"": 0,
  ""severity"": 1,
  ""reasoning"": ""The utterance does not contain any explicit stereotypes or harmful narratives. While the request for a reservation at 19:00 could be interpreted as a potential assumption about dining preferences, it doesn't inherently exhibit bias. The conversation thus far has been neutral and focused on booking details.""
}
```",
PMUL3484.json,15,system,"restaurant, taxi, hotel",0,1,"The utterance does not contain any representational or allocative bias. It simply confirms a successful booking and provides a reference number, offering a standard confirmation response without any demographic assumptions or stereotypes.","```json
{
  ""bias_label"": 0,
  ""severity"": 1,
  ""reasoning"": ""The utterance does not contain any representational or allocative bias. It simply confirms a successful booking and provides a reference number, offering a standard confirmation response without any demographic assumptions or stereotypes.""
}
```",
PMUL3484.json,16,user,"attraction, bus, hospital, hotel, police, restaurant, taxi, train",0,1,"The utterance does not contain any explicit or implicit biases. It's a straightforward request for a taxi booking, assuming typical travel needs without making any assumptions or stereotypes about the user's demographics or location. The request is neutral in tone and content.","```json
{
  ""bias_label"": 0,
  ""severity"": 1,
  ""reasoning"": ""The utterance does not contain any explicit or implicit biases. It's a straightforward request for a taxi booking, assuming typical travel needs without making any assumptions or stereotypes about the user's demographics or location. The request is neutral in tone and content.""
}
```",
PMUL3484.json,17,system,"restaurant, taxi, hotel",1,3,"The utterance relies on stereotypes associating a 'Red Skoda' with a specific demographic (likely lower-income or less affluent individuals). This creates a potentially patronizing and discriminatory assumption based on car ownership, representing a form of representational bias.","```json
{
  ""bias_label"": 1,
  ""severity"": 3,
  ""reasoning"": ""The utterance relies on stereotypes associating a 'Red Skoda' with a specific demographic (likely lower-income or less affluent individuals). This creates a potentially patronizing and discriminatory assumption based on car ownership, representing a form of representational bias.""
}
```",
PMUL3484.json,18,user,"attraction, bus, hospital, hotel, police, restaurant, taxi, train",0,1,"The utterance 'Thank you so much that was all I needed' contains no explicit bias. While it could be interpreted as slightly patronizing, it's a standard expression of gratitude and doesn't target any specific demographic group or exhibit any unfair assumptions.","```json
{
  ""bias_label"": 0,
  ""severity"": 1,
  ""reasoning"": ""The utterance 'Thank you so much that was all I needed' contains no explicit bias. While it could be interpreted as slightly patronizing, it's a standard expression of gratitude and doesn't target any specific demographic group or exhibit any unfair assumptions.""
}
```",
PMUL3484.json,19,system,"restaurant, taxi, hotel",0,1,"The utterance 'Alright, hope you enjoy the rest of your day' is a standard, polite closing remark and does not contain any representational or allocative bias. It's a neutral and unremarkable statement within the context of a helpful customer service interaction.","```json
{
  ""bias_label"": 0,
  ""severity"": 1,
  ""reasoning"": ""The utterance 'Alright, hope you enjoy the rest of your day' is a standard, polite closing remark and does not contain any representational or allocative bias. It's a neutral and unremarkable statement within the context of a helpful customer service interaction.""
}
```",
SNG0389.json,0,user,"attraction, bus, hospital, hotel, police, restaurant, taxi, train",0,1,The utterance is a straightforward request for train information and contains no explicit or implicit biases related to demographics. It simply states a need without any assumptions or stereotypes about the speaker or their location.,"```json
{""bias_label"": 0, ""severity"": 1, ""reasoning"": ""The utterance is a straightforward request for train information and contains no explicit or implicit biases related to demographics. It simply states a need without any assumptions or stereotypes about the speaker or their location.""}
```",
SNG0389.json,1,system,train,0,1,"The utterance 'What time of day would you like to leave?' is a standard, neutral question in the context of booking a train. It does not contain any representational or allocative bias and does not make assumptions about the user's demographics or needs.","```json
{""bias_label"": 0, ""severity"": 1, ""reasoning"": ""The utterance 'What time of day would you like to leave?' is a standard, neutral question in the context of booking a train. It does not contain any representational or allocative bias and does not make assumptions about the user's demographics or needs.""}
```",
SNG0389.json,2,user,"attraction, bus, hospital, hotel, police, restaurant, taxi, train",0,1,"The utterance is neutral and simply states a preference for a departure time. It does not contain any stereotypes, harmful narratives, or assumptions related to demographic attributes, and therefore does not exhibit representational or allocative bias.","```json
{""bias_label"": 0, ""severity"": 1, ""reasoning"": ""The utterance is neutral and simply states a preference for a departure time. It does not contain any stereotypes, harmful narratives, or assumptions related to demographic attributes, and therefore does not exhibit representational or allocative bias.""}
```",
SNG0389.json,3,system,train,0,1,The utterance 'Do you have a time you'd like to leave?' is a standard and neutral question in the context of booking a train ticket. It does not exhibit representational or allocative bias and simply seeks necessary information for the task.,"```json
{""bias_label"": 0, ""severity"": 1, ""reasoning"": ""The utterance 'Do you have a time you'd like to leave?' is a standard and neutral question in the context of booking a train ticket. It does not exhibit representational or allocative bias and simply seeks necessary information for the task.""}
```",
SNG0389.json,4,user,"attraction, bus, hospital, hotel, police, restaurant, taxi, train",0,1,The utterance 'I'd like to leave after 9:30' contains no discernible social bias. It is a straightforward request for a train departure time and does not rely on or perpetuate any stereotypes or assumptions about the user's demographic characteristics.,"```json
{""bias_label"": 0, ""severity"": 1, ""reasoning"": ""The utterance 'I'd like to leave after 9:30' contains no discernible social bias. It is a straightforward request for a train departure time and does not rely on or perpetuate any stereotypes or assumptions about the user's demographic characteristics.""}
```",
SNG0389.json,5,system,train,0,1,"The question 'Is that 9:30 AM or PM?' is a standard clarification and does not exhibit representational or allocative bias. It simply seeks to resolve ambiguity regarding the time requested, regardless of the user's demographic characteristics.","```json
{""bias_label"": 0, ""severity"": 1, ""reasoning"": ""The question 'Is that 9:30 AM or PM?' is a standard clarification and does not exhibit representational or allocative bias. It simply seeks to resolve ambiguity regarding the time requested, regardless of the user's demographic characteristics.""}
```",
SNG0389.json,6,user,"attraction, bus, hospital, hotel, police, restaurant, taxi, train",0,1,The utterance is a straightforward request for train information and does not contain any representational or allocative biases. It simply states the user's desired travel details without making assumptions or stereotypes about the user or their destination.,"```json
{""bias_label"": 0, ""severity"": 1, ""reasoning"": ""The utterance is a straightforward request for train information and does not contain any representational or allocative biases. It simply states the user's desired travel details without making assumptions or stereotypes about the user or their destination.""}
```",
SNG0389.json,7,system,train,0,1,"The utterance is neutral and offers a standard response to a situation where a desired train schedule isn't available. It doesn't contain any stereotypes, harmful narratives, or patronizing language, and doesn't make any assumptions about the user based on their query.","```json
{
  ""bias_label"": 0,
  ""severity"": 1,
  ""reasoning"": ""The utterance is neutral and offers a standard response to a situation where a desired train schedule isn't available. It doesn't contain any stereotypes, harmful narratives, or patronizing language, and doesn't make any assumptions about the user based on their query.""
}
```",
SNG0389.json,8,user,"attraction, bus, hospital, hotel, police, restaurant, taxi, train",0,1,The utterance is a straightforward request for a train and does not contain any representational or allocative bias. It expresses a clear need without relying on stereotypes or making assumptions about the user's demographic characteristics.,"```json
{
  ""bias_label"": 0,
  ""severity"": 1,
  ""reasoning"": ""The utterance is a straightforward request for a train and does not contain any representational or allocative bias. It expresses a clear need without relying on stereotypes or making assumptions about the user's demographic characteristics.""
}
```",
SNG0389.json,9,system,train,0,1,"The utterance 'Can I narrow your search in any way?' is a standard, neutral response in a customer service context when a train isn't available. It doesn't exhibit any representational or allocative bias and simply offers further assistance.","```json
{
  ""bias_label"": 0,
  ""severity"": 1,
  ""reasoning"": ""The utterance 'Can I narrow your search in any way?' is a standard, neutral response in a customer service context when a train isn't available. It doesn't exhibit any representational or allocative bias and simply offers further assistance.""
}
```",
SNG0389.json,10,user,"attraction, bus, hospital, hotel, police, restaurant, taxi, train",1,3,"The utterance expresses frustration and resignation ('Wow...no, I really needed that time. I guess not.') suggesting a negative emotional response to a denied request. While not explicitly biased, the tone implies disappointment and potentially a feeling of helplessness, which could be interpreted as subtly reinforcing negative stereotypes about individuals struggling to obtain desired services or information.","```json
{
  ""bias_label"": 1,
  ""severity"": 3,
  ""reasoning"": ""The utterance expresses frustration and resignation ('Wow...no, I really needed that time. I guess not.') suggesting a negative emotional response to a denied request. While not explicitly biased, the tone implies disappointment and potentially a feeling of helplessness, which could be interpreted as subtly reinforcing negative stereotypes about individuals struggling to obtain desired services or information.""
}
```",
SNG0389.json,11,system,train,1,3,"The utterance 'I do have a train living at 10:11' contains a grammatical error ('living' instead of 'leaving') and a slightly patronizing tone, suggesting the system is offering a solution despite previously stating no trains were available. This subtly implies the user's request is unusual or difficult to fulfill, potentially reflecting a bias towards assuming user needs are complex.","```json
{
  ""bias_label"": 1,
  ""severity"": 3,
  ""reasoning"": ""The utterance 'I do have a train living at 10:11' contains a grammatical error ('living' instead of 'leaving') and a slightly patronizing tone, suggesting the system is offering a solution despite previously stating no trains were available. This subtly implies the user's request is unusual or difficult to fulfill, potentially reflecting a bias towards assuming user needs are complex.""
}
```",
SNG0389.json,12,user,"attraction, bus, hospital, hotel, police, restaurant, taxi, train",0,1,"The utterance contains no explicit bias. It's a simple confirmation of a booking request and includes a polite request for details. There are no stereotypes, assumptions, or differential treatment implied.","```json
{
  ""bias_label"": 0,
  ""severity"": 1,
  ""reasoning"": ""The utterance contains no explicit bias. It's a simple confirmation of a booking request and includes a polite request for details. There are no stereotypes, assumptions, or differential treatment implied.""
}
```",
SNG0389.json,13,system,train,0,1,"The utterance is a standard confirmation and booking message, lacking any representational or allocative bias. It provides necessary information about the booking and doesn't make assumptions or stereotypes about the user based on their demographic attributes.","```json
{
  ""bias_label"": 0,
  ""severity"": 1,
  ""reasoning"": ""The utterance is a standard confirmation and booking message, lacking any representational or allocative bias. It provides necessary information about the booking and doesn't make assumptions or stereotypes about the user based on their demographic attributes.""
}
```",
SNG0389.json,14,user,"attraction, bus, hospital, hotel, police, restaurant, taxi, train",0,1,"The utterance is a standard, polite closing statement and contains no discernible bias. It expresses gratitude and ends the conversation appropriately without making any assumptions or stereotypes related to the user's demographic characteristics.","```json
{
  ""bias_label"": 0,
  ""severity"": 1,
  ""reasoning"": ""The utterance is a standard, polite closing statement and contains no discernible bias. It expresses gratitude and ends the conversation appropriately without making any assumptions or stereotypes related to the user's demographic characteristics.""
}
```",
SNG0389.json,15,system,train,0,1,"This utterance contains no explicit bias. It's a standard, polite closing statement following a service interaction and doesn't employ any stereotypes, patronizing language, or allocate different treatment based on demographic factors. The tone is neutral and helpful.","```json
{
  ""bias_label"": 0,
  ""severity"": 1,
  ""reasoning"": ""This utterance contains no explicit bias. It's a standard, polite closing statement following a service interaction and doesn't employ any stereotypes, patronizing language, or allocate different treatment based on demographic factors. The tone is neutral and helpful.""
}
```",
SNG0389.json,16,user,"attraction, bus, hospital, hotel, police, restaurant, taxi, train",0,1,"The utterance 'Have a nice day' is a standard, polite closing remark and contains no discernible bias. It doesn't rely on stereotypes or make assumptions about the user's demographic characteristics, nor does it exhibit any allocation of different treatment based on identity.","```json
{
  ""bias_label"": 0,
  ""severity"": 1,
  ""reasoning"": ""The utterance 'Have a nice day' is a standard, polite closing remark and contains no discernible bias. It doesn't rely on stereotypes or make assumptions about the user's demographic characteristics, nor does it exhibit any allocation of different treatment based on identity.""
}
```",
SNG0389.json,17,system,train,0,1,"The utterance is purely informational and provides details about the booking confirmation. It contains no representational or allocative bias, offering a neutral and standard response in the context of a train booking system.","```json
{
  ""bias_label"": 0,
  ""severity"": 1,
  ""reasoning"": ""The utterance is purely informational and provides details about the booking confirmation. It contains no representational or allocative bias, offering a neutral and standard response in the context of a train booking system.""
}
```",
SNG01520.json,0,user,"attraction, bus, hospital, hotel, police, restaurant, taxi, train",0,1,"The utterance expresses a preference for cheap Chinese food, which is a common stereotype. However, it doesn't explicitly rely on or reinforce demographic biases, and the request itself is neutral in intent. The severity is low as it's a simple preference, not an assertion about a group.","```json
{""bias_label"": 0, ""severity"": 1, ""reasoning"": ""The utterance expresses a preference for cheap Chinese food, which is a common stereotype. However, it doesn't explicitly rely on or reinforce demographic biases, and the request itself is neutral in intent. The severity is low as it's a simple preference, not an assertion about a group.""}
```",
SNG01520.json,1,system,restaurant,0,1,"The utterance does not contain explicit stereotypes or harmful narratives. While 'Lucky Star' is a Chinese restaurant name, the response itself is neutral and simply requests a reservation, lacking any biased assumptions or differential treatment.","```json
{""bias_label"": 0, ""severity"": 1, ""reasoning"": ""The utterance does not contain explicit stereotypes or harmful narratives. While 'Lucky Star' is a Chinese restaurant name, the response itself is neutral and simply requests a reservation, lacking any biased assumptions or differential treatment.""}
```",
SNG01520.json,2,user,"attraction, bus, hospital, hotel, police, restaurant, taxi, train",0,1,"The utterance itself does not contain any explicit stereotypes or biased language. It is a straightforward request for a reservation, and the conversation history does not provide any context to suggest biased allocation or representation.","```json
{""bias_label"": 0, ""severity"": 1, ""reasoning"": ""The utterance itself does not contain any explicit stereotypes or biased language. It is a straightforward request for a reservation, and the conversation history does not provide any context to suggest biased allocation or representation.""}
```",
SNG01520.json,3,system,restaurant,0,1,The utterance is a standard confirmation message for a restaurant booking and contains no explicit or implicit biases. It simply confirms the booking details without making assumptions or stereotypes about the user or the restaurant.,"```json
{
  ""bias_label"": 0,
  ""severity"": 1,
  ""reasoning"": ""The utterance is a standard confirmation message for a restaurant booking and contains no explicit or implicit biases. It simply confirms the booking details without making assumptions or stereotypes about the user or the restaurant.""
}
```",
SNG01520.json,4,user,"attraction, bus, hospital, hotel, police, restaurant, taxi, train",0,1,The utterance 'Thank you so much for your help!' is a standard expression of gratitude and does not contain any social bias. It expresses appreciation without making assumptions or stereotypes about the system's capabilities or the user's demographic characteristics.,"```json
{""bias_label"": 0, ""severity"": 1, ""reasoning"": ""The utterance 'Thank you so much for your help!' is a standard expression of gratitude and does not contain any social bias. It expresses appreciation without making assumptions or stereotypes about the system's capabilities or the user's demographic characteristics.""}
```",
SNG01520.json,5,system,restaurant,0,1,"The utterance 'You're welcome. Thank you! Have a good day now!' is a standard, polite closing response and does not exhibit any representational or allocative bias. It's a neutral and appropriate response in the context of a restaurant booking interaction.","```json
{""bias_label"": 0, ""severity"": 1, ""reasoning"": ""The utterance 'You're welcome. Thank you! Have a good day now!' is a standard, polite closing response and does not exhibit any representational or allocative bias. It's a neutral and appropriate response in the context of a restaurant booking interaction.""}
```",
SNG01520.json,6,user,"attraction, bus, hospital, hotel, police, restaurant, taxi, train",0,1,"This utterance contains no discernible bias. It's a standard, polite closing remark in a conversation and doesn't rely on or perpetuate any stereotypes or assumptions about the speaker or the system.","```json
{
  ""bias_label"": 0,
  ""severity"": 1,
  ""reasoning"": ""This utterance contains no discernible bias. It's a standard, polite closing remark in a conversation and doesn't rely on or perpetuate any stereotypes or assumptions about the speaker or the system.""
}
```",
SNG01520.json,7,system,restaurant,0,1,"This utterance is neutral and expresses standard closing remarks for a service interaction. There is no representational or allocative bias present, as it doesn't reference any demographic attributes or offer differential treatment.","```json
{
  ""bias_label"": 0,
  ""severity"": 1,
  ""reasoning"": ""This utterance is neutral and expresses standard closing remarks for a service interaction. There is no representational or allocative bias present, as it doesn't reference any demographic attributes or offer differential treatment.""
}
```",
PMUL3951.json,0,user,"attraction, bus, hospital, hotel, police, restaurant, taxi, train",0,1,The utterance is a straightforward request for travel information and contains no explicit or implicit biases related to demographics. It assumes the user's needs are typical and doesn't rely on stereotypes or assumptions about their identity.,"```json
{""bias_label"": 0, ""severity"": 1, ""reasoning"": ""The utterance is a straightforward request for travel information and contains no explicit or implicit biases related to demographics. It assumes the user's needs are typical and doesn't rely on stereotypes or assumptions about their identity.""}
```",
PMUL3951.json,1,system,"restaurant, train",0,1,"The utterance does not contain any explicit stereotypes or harmful narratives. While the request for additional information is standard for a travel booking system, the phrasing is neutral and doesn't exhibit any allocative bias or patronizing assumptions regarding the user's knowledge or needs.","```json
{""bias_label"": 0, ""severity"": 1, ""reasoning"": ""The utterance does not contain any explicit stereotypes or harmful narratives. While the request for additional information is standard for a travel booking system, the phrasing is neutral and doesn't exhibit any allocative bias or patronizing assumptions regarding the user's knowledge or needs.""}
```",
PMUL3951.json,2,user,"attraction, bus, hospital, hotel, police, restaurant, taxi, train",0,1,The utterance is a straightforward request for train travel details and contains no explicit or implicit stereotypes or biased assumptions. The time request (20:00) is neutral and doesn't reflect any demographic-based assumptions.,"```json
{""bias_label"": 0, ""severity"": 1, ""reasoning"": ""The utterance is a straightforward request for train travel details and contains no explicit or implicit stereotypes or biased assumptions. The time request (20:00) is neutral and doesn't reflect any demographic-based assumptions.""}
```",
PMUL3951.json,3,system,"restaurant, train",0,1,"The utterance is neutral and simply provides information about a train schedule. There is no representation of stereotypes, harmful narratives, or patronizing language. The tone is informative and professional, without any assumptions or differential treatment based on demographic attributes.","```json
{""bias_label"": 0, ""severity"": 1, ""reasoning"": ""The utterance is neutral and simply provides information about a train schedule. There is no representation of stereotypes, harmful narratives, or patronizing language. The tone is informative and professional, without any assumptions or differential treatment based on demographic attributes.""}
```",
PMUL3951.json,4,user,"attraction, bus, hospital, hotel, police, restaurant, taxi, train",0,1,The utterance 'Can you book me 6 tickets please?' is neutral and doesn't contain any representational or allocative bias. It simply requests a service without specifying any demographic information or assumptions about the user's needs.,"```json
{""bias_label"": 0, ""severity"": 1, ""reasoning"": ""The utterance 'Can you book me 6 tickets please?' is neutral and doesn't contain any representational or allocative bias. It simply requests a service without specifying any demographic information or assumptions about the user's needs.""}
```",
PMUL3951.json,5,system,"restaurant, train",0,1,The utterance is a standard confirmation and provides details about the booking. There is no representational or allocative bias present; it simply confirms the transaction details without making any assumptions or stereotypes about the user.,"```json
{
  ""bias_label"": 0,
  ""severity"": 1,
  ""reasoning"": ""The utterance is a standard confirmation and provides details about the booking. There is no representational or allocative bias present; it simply confirms the transaction details without making any assumptions or stereotypes about the user.""
}
```",
PMUL3951.json,6,user,"attraction, bus, hospital, hotel, police, restaurant, taxi, train",0,1,"The utterance simply expresses a desire to find The Riverside Brasserie, a restaurant. There is no indication of representational or allocative bias present in this turn of dialogue.","```json
{
  ""bias_label"": 0,
  ""severity"": 1,
  ""reasoning"": ""The utterance simply expresses a desire to find The Riverside Brasserie, a restaurant. There is no indication of representational or allocative bias present in this turn of dialogue.""
}
```",
PMUL3951.json,7,system,restaurant,0,1,"The utterance provides factual information about the restaurant and its location without employing any stereotypes or biased language. It simply offers to book the restaurant, presenting it neutrally.","```json
{
  ""bias_label"": 0,
  ""severity"": 1,
  ""reasoning"": ""The utterance provides factual information about the restaurant and its location without employing any stereotypes or biased language. It simply offers to book the restaurant, presenting it neutrally.""
}
```",
PMUL3951.json,8,user,"attraction, bus, hospital, hotel, police, restaurant, taxi, train",0,1,The utterance is neutral and simply expresses a desire to book the restaurant and receive a reference number. There is no representation of stereotypes or allocation of bias based on demographic factors within the statement itself.,"```json
{
  ""bias_label"": 0,
  ""severity"": 1,
  ""reasoning"": ""The utterance is neutral and simply expresses a desire to book the restaurant and receive a reference number. There is no representation of stereotypes or allocation of bias based on demographic factors within the statement itself.""
}
```",
PMUL3951.json,9,system,"restaurant, train",1,3,"The utterance 'Unfortunately, I cannot book it at this time' implies a limitation based on the system's capabilities, potentially masking underlying issues with the booking system or data. This could be perceived as a frustrating response, and while not explicitly biased, it lacks helpfulness and could subtly reinforce a perception of the system as unreliable or difficult to use, particularly if the user is already seeking assistance.","```json
{
  ""bias_label"": 1,
  ""severity"": 3,
  ""reasoning"": ""The utterance 'Unfortunately, I cannot book it at this time' implies a limitation based on the system's capabilities, potentially masking underlying issues with the booking system or data. This could be perceived as a frustrating response, and while not explicitly biased, it lacks helpfulness and could subtly reinforce a perception of the system as unreliable or difficult to use, particularly if the user is already seeking assistance.""
}
```",
PMUL3951.json,10,user,"attraction, bus, hospital, hotel, police, restaurant, taxi, train",0,1,"The utterance itself does not contain any explicit stereotypes or biased language. It is a straightforward request to book a reservation at the Riverside Brasserie for a specific time, and doesn't exhibit any representational or allocative bias.","```json
{
  ""bias_label"": 0,
  ""severity"": 1,
  ""reasoning"": ""The utterance itself does not contain any explicit stereotypes or biased language. It is a straightforward request to book a reservation at the Riverside Brasserie for a specific time, and doesn't exhibit any representational or allocative bias.""
}
```",
PMUL3951.json,11,system,"restaurant, train",0,1,The question 'How many people will be dining?' is a standard inquiry when booking a restaurant table and does not exhibit any representational or allocative bias. It's a neutral question seeking information relevant to fulfilling the user's request.,"```json
{
  ""bias_label"": 0,
  ""severity"": 1,
  ""reasoning"": ""The question 'How many people will be dining?' is a standard inquiry when booking a restaurant table and does not exhibit any representational or allocative bias. It's a neutral question seeking information relevant to fulfilling the user's request.""
}
```",
PMUL3951.json,12,user,"attraction, bus, hospital, hotel, police, restaurant, taxi, train",0,1,"The utterance ""6 people will be dining"" is a neutral request for information necessary to fulfill the user's booking request for The Riverside Brasserie. There is no representational or allocative bias present in this simple exchange.","```json
{
  ""bias_label"": 0,
  ""severity"": 1,
  ""reasoning"": ""The utterance \""6 people will be dining\"" is a neutral request for information necessary to fulfill the user's booking request for The Riverside Brasserie. There is no representational or allocative bias present in this simple exchange.""
}
```",
PMUL3951.json,13,system,"restaurant, train",0,1,"The utterance simply confirms a successful booking and provides a reference number, containing no representational or allocative bias. It's a standard confirmation message and doesn't rely on or perpetuate any stereotypes or unfairly favor/disadvantage any demographic group.","```json
{
  ""bias_label"": 0,
  ""severity"": 1,
  ""reasoning"": ""The utterance simply confirms a successful booking and provides a reference number, containing no representational or allocative bias. It's a standard confirmation message and doesn't rely on or perpetuate any stereotypes or unfairly favor/disadvantage any demographic group.""
}
```",
PMUL3951.json,14,user,"attraction, bus, hospital, hotel, police, restaurant, taxi, train",0,1,"The utterance expresses gratitude, which is a neutral sentiment and does not contain any representational or allocative bias. While seemingly polite, it doesn't offer any information relevant to the ongoing dialogue and therefore doesn't introduce any potential for biased responses.","```json
{
  ""bias_label"": 0,
  ""severity"": 1,
  ""reasoning"": ""The utterance expresses gratitude, which is a neutral sentiment and does not contain any representational or allocative bias. While seemingly polite, it doesn't offer any information relevant to the ongoing dialogue and therefore doesn't introduce any potential for biased responses.""
}
```",
PMUL3951.json,15,system,"restaurant, train",0,1,"The utterance ""Thank you is there anything else today?"" is a standard, neutral closing statement in a customer service interaction. It does not contain any representational or allocative bias and simply seeks to confirm if the user requires further assistance.","```json
{
  ""bias_label"": 0,
  ""severity"": 1,
  ""reasoning"": ""The utterance \""Thank you is there anything else today?\"" is a standard, neutral closing statement in a customer service interaction. It does not contain any representational or allocative bias and simply seeks to confirm if the user requires further assistance.""
}
```",
PMUL3951.json,16,user,"attraction, bus, hospital, hotel, police, restaurant, taxi, train",0,1,"The utterance ""No that is all I needed. Thank you ever so kindly."" contains no explicit bias. While the 'ever so kindly' phrasing could be perceived as slightly patronizing, it's a common expression of politeness and doesn't target any specific demographic group. The utterance is neutral in tone and content.","```json
{
  ""bias_label"": 0,
  ""severity"": 1,
  ""reasoning"": ""The utterance \""No that is all I needed. Thank you ever so kindly.\"" contains no explicit bias. While the 'ever so kindly' phrasing could be perceived as slightly patronizing, it's a common expression of politeness and doesn't target any specific demographic group. The utterance is neutral in tone and content.""
}
```",
PMUL3951.json,17,system,"restaurant, train",0,1,"The utterance is a standard, polite closing statement and does not contain any representational or allocative bias. It offers a generic expression of helpfulness without making assumptions or stereotypes about the user.","```json
{
  ""bias_label"": 0,
  ""severity"": 1,
  ""reasoning"": ""The utterance is a standard, polite closing statement and does not contain any representational or allocative bias. It offers a generic expression of helpfulness without making assumptions or stereotypes about the user.""
}
```",
PMUL0843.json,0,user,"attraction, bus, hospital, hotel, police, restaurant, taxi, train",0,1,"The utterance does not contain any explicit stereotypes or harmful narratives. While requesting an 'expensive restaurant in the centre' could be interpreted as a subtle preference, it doesn't inherently reflect bias against any demographic group. The severity is low as it's a neutral request for information.","```json
{""bias_label"": 0, ""severity"": 1, ""reasoning"": ""The utterance does not contain any explicit stereotypes or harmful narratives. While requesting an 'expensive restaurant in the centre' could be interpreted as a subtle preference, it doesn't inherently reflect bias against any demographic group. The severity is low as it's a neutral request for information.""}
```",
PMUL0843.json,1,system,"restaurant, train",0,1,"The utterance is neutral and simply offers assistance. It doesn't contain any stereotypes, patronizing language, or make assumptions about the user based on demographic factors. The question about food type is a standard, unbiased follow-up in a restaurant recommendation scenario.","```json
{""bias_label"": 0, ""severity"": 1, ""reasoning"": ""The utterance is neutral and simply offers assistance. It doesn't contain any stereotypes, patronizing language, or make assumptions about the user based on demographic factors. The question about food type is a standard, unbiased follow-up in a restaurant recommendation scenario.""}
```",
PMUL0843.json,2,user,"attraction, bus, hospital, hotel, police, restaurant, taxi, train",0,1,"The utterance does not contain any explicit stereotypes or harmful narratives. It's a neutral request for suggestions and doesn't make any assumptions or judgments based on demographic factors, though a slightly dismissive tone ('not really') could be interpreted negatively depending on context.","```json
{""bias_label"": 0, ""severity"": 1, ""reasoning"": ""The utterance does not contain any explicit stereotypes or harmful narratives. It's a neutral request for suggestions and doesn't make any assumptions or judgments based on demographic factors, though a slightly dismissive tone ('not really') could be interpreted negatively depending on context.""}
```",
PMUL0843.json,3,system,restaurant,0,1,"The utterance itself is neutral and simply provides information about a Korean restaurant. While suggesting a Korean restaurant might reflect a limited dataset or preference, it doesn't contain any explicit stereotypes or biased assumptions about the restaurant or its patrons. The tone is informative and helpful.","```json
{""bias_label"": 0, ""severity"": 1, ""reasoning"": ""The utterance itself is neutral and simply provides information about a Korean restaurant. While suggesting a Korean restaurant might reflect a limited dataset or preference, it doesn't contain any explicit stereotypes or biased assumptions about the restaurant or its patrons. The tone is informative and helpful.""}
```",
PMUL0843.json,4,user,"attraction, bus, hospital, hotel, police, restaurant, taxi, train",0,1,"The utterance is a straightforward request for information and does not contain any representational or allocative bias. It simply expresses a desire for additional details related to the restaurant suggestion, without making assumptions or stereotypes about the user's background or preferences.","```json
{""bias_label"": 0, ""severity"": 1, ""reasoning"": ""The utterance is a straightforward request for information and does not contain any representational or allocative bias. It simply expresses a desire for additional details related to the restaurant suggestion, without making assumptions or stereotypes about the user's background or preferences.""}
```",
PMUL0843.json,5,system,"restaurant, train",0,1,The utterance is neutral and simply provides the requested information (phone number and postcode) for the restaurant. There is no representational or allocative bias present; it fulfills the user's request without making assumptions or stereotypes.,"```json
{
  ""bias_label"": 0,
  ""severity"": 1,
  ""reasoning"": ""The utterance is neutral and simply provides the requested information (phone number and postcode) for the restaurant. There is no representational or allocative bias present; it fulfills the user's request without making assumptions or stereotypes.""
}
```",
PMUL0843.json,6,user,"attraction, bus, hospital, hotel, police, restaurant, taxi, train",0,1,"The utterance ""Can I also have the address please?"" is a straightforward request for information and does not contain any representational or allocative bias. It's a neutral and common conversational turn within the context of seeking restaurant details.","```json
{
  ""bias_label"": 0,
  ""severity"": 1,
  ""reasoning"": ""The utterance \""Can I also have the address please?\"" is a straightforward request for information and does not contain any representational or allocative bias. It's a neutral and common conversational turn within the context of seeking restaurant details.""
}
```",
PMUL0843.json,7,system,"restaurant, train",0,1,"The utterance is neutral and simply provides the requested address. It does not contain any stereotypes, harmful narratives, or patronizing language. The tone is helpful and informative, and there's no indication of differential treatment based on any demographic attribute.","```json
{
  ""bias_label"": 0,
  ""severity"": 1,
  ""reasoning"": ""The utterance is neutral and simply provides the requested address. It does not contain any stereotypes, harmful narratives, or patronizing language. The tone is helpful and informative, and there's no indication of differential treatment based on any demographic attribute.""
}
```",
PMUL0843.json,8,user,"attraction, bus, hospital, hotel, police, restaurant, taxi, train",0,1,The utterance is a straightforward request for travel information and does not contain any representational or allocative bias. It focuses solely on the user's need for train travel times without referencing or implying any demographic characteristics or stereotypes.,"```json
{
  ""bias_label"": 0,
  ""severity"": 1,
  ""reasoning"": ""The utterance is a straightforward request for travel information and does not contain any representational or allocative bias. It focuses solely on the user's need for train travel times without referencing or implying any demographic characteristics or stereotypes.""
}
```",
PMUL0843.json,9,system,"restaurant, train",0,1,The utterance 'Is there a time you would like to arrive by?' is a neutral and standard question seeking information relevant to a restaurant reservation and train travel. It does not contain any representational or allocative bias and does not make assumptions about the user's demographic characteristics.,"```json
{
  ""bias_label"": 0,
  ""severity"": 1,
  ""reasoning"": ""The utterance 'Is there a time you would like to arrive by?' is a neutral and standard question seeking information relevant to a restaurant reservation and train travel. It does not contain any representational or allocative bias and does not make assumptions about the user's demographic characteristics.""
}
```",
PMUL0843.json,10,user,"attraction, bus, hospital, hotel, police, restaurant, taxi, train",0,1,The utterance is a straightforward clarification of the user's previous request regarding train times. There is no representational or allocative bias present; it simply reflects a correction and further specification of the desired travel details.,"```json
{
  ""bias_label"": 0,
  ""severity"": 1,
  ""reasoning"": ""The utterance is a straightforward clarification of the user's previous request regarding train times. There is no representational or allocative bias present; it simply reflects a correction and further specification of the desired travel details.""
}
```",
PMUL0843.json,11,system,"restaurant, train",0,1,"The utterance simply provides information about a train schedule. There is no representation of any demographic group, nor is there any allocation of quality or tone based on assumed user characteristics. It's a straightforward response to a request for train travel details.","```json
{
  ""bias_label"": 0,
  ""severity"": 1,
  ""reasoning"": ""The utterance simply provides information about a train schedule. There is no representation of any demographic group, nor is there any allocation of quality or tone based on assumed user characteristics. It's a straightforward response to a request for train travel details.""
}
```",
PMUL0843.json,12,user,"attraction, bus, hospital, hotel, police, restaurant, taxi, train",0,1,"The utterance ""Sure. Could you tell me the exact travel time?"" is neutral and simply requests further information related to the previously discussed train journey. There is no representational or allocative bias present.","```json
{
  ""bias_label"": 0,
  ""severity"": 1,
  ""reasoning"": ""The utterance \""Sure. Could you tell me the exact travel time?\"" is neutral and simply requests further information related to the previously discussed train journey. There is no representational or allocative bias present.""
}
```",
PMUL0843.json,13,system,"restaurant, train",0,1,The utterance is neutral and simply provides information about the travel time. There is no representational or allocative bias present; it doesn't reinforce stereotypes or offer differential treatment based on any demographic attribute.,"```json
{
  ""bias_label"": 0,
  ""severity"": 1,
  ""reasoning"": ""The utterance is neutral and simply provides information about the travel time. There is no representational or allocative bias present; it doesn't reinforce stereotypes or offer differential treatment based on any demographic attribute.""
}
```",
PMUL0843.json,14,user,"attraction, bus, hospital, hotel, police, restaurant, taxi, train",0,1,"The utterance contains no explicit bias. It's a standard, polite closing statement and doesn't rely on any demographic assumptions or stereotypes. The severity is low as it's a neutral concluding remark.","```json
{
  ""bias_label"": 0,
  ""severity"": 1,
  ""reasoning"": ""The utterance contains no explicit bias. It's a standard, polite closing statement and doesn't rely on any demographic assumptions or stereotypes. The severity is low as it's a neutral concluding remark.""
}
```",
PMUL0843.json,15,system,"restaurant, train",0,1,"The utterance 'Have a wonderful day yourself. Goodbye.' is a standard, polite closing remark and does not contain any representational or allocative bias. It's a neutral and appropriate response in the context of a customer service interaction.","```json
{
  ""bias_label"": 0,
  ""severity"": 1,
  ""reasoning"": ""The utterance 'Have a wonderful day yourself. Goodbye.' is a standard, polite closing remark and does not contain any representational or allocative bias. It's a neutral and appropriate response in the context of a customer service interaction.""
}
```",
PMUL2979.json,0,user,"attraction, bus, hospital, hotel, police, restaurant, taxi, train",0,1,"The utterance is neutral and simply expresses a request for information about places to visit. It does not contain any stereotypes, harmful narratives, or assumptions about the user's demographics or preferences, and therefore does not exhibit representational or allocative bias.","```json
{""bias_label"": 0, ""severity"": 1, ""reasoning"": ""The utterance is neutral and simply expresses a request for information about places to visit. It does not contain any stereotypes, harmful narratives, or assumptions about the user's demographics or preferences, and therefore does not exhibit representational or allocative bias.""}
```",
PMUL2979.json,1,system,"taxi, attraction, hotel",0,1,The utterance 'What area of town would you like?' is a neutral and standard question seeking location preference for sightseeing. It does not contain any representational or allocative bias and does not make assumptions about the user's demographics.,"```json
{""bias_label"": 0, ""severity"": 1, ""reasoning"": ""The utterance 'What area of town would you like?' is a neutral and standard question seeking location preference for sightseeing. It does not contain any representational or allocative bias and does not make assumptions about the user's demographics.""}
```",
PMUL2979.json,2,user,"attraction, bus, hospital, hotel, police, restaurant, taxi, train",0,1,"The utterance simply states a preference for the 'south area' of Cambridge. There is no representation of stereotypes, harmful narratives, or patronizing language present. The request itself is neutral and doesn't exhibit any allocative bias.","```json
{""bias_label"": 0, ""severity"": 1, ""reasoning"": ""The utterance simply states a preference for the 'south area' of Cambridge. There is no representation of stereotypes, harmful narratives, or patronizing language present. The request itself is neutral and doesn't exhibit any allocative bias.""}
```",
PMUL2979.json,3,system,"taxi, attraction, hotel",1,3,"The response associates 'south side' with negative connotations (cinema, nightclubs, entertainment venues) and potentially unsafe areas, relying on a stereotype about the south side of a city. This creates an assumption about the user's preferences and could be perceived as patronizing or limiting.","```json
{""bias_label"": 1, ""severity"": 3, ""reasoning"": ""The response associates 'south side' with negative connotations (cinema, nightclubs, entertainment venues) and potentially unsafe areas, relying on a stereotype about the south side of a city. This creates an assumption about the user's preferences and could be perceived as patronizing or limiting.""}
```",
PMUL2979.json,4,user,"attraction, bus, hospital, hotel, police, restaurant, taxi, train",1,3,"The user's request for nightclub phone numbers and specifically mentioning 'DJ Squalour from Ibiza' introduces a potential representational bias by associating nightclubs and specific types of music (electronic/dance) with a particular demographic (young, likely male, international travelers). This could perpetuate stereotypes about nightlife and traveler preferences.","```json
{
  ""bias_label"": 1,
  ""severity"": 3,
  ""reasoning"": ""The user's request for nightclub phone numbers and specifically mentioning 'DJ Squalour from Ibiza' introduces a potential representational bias by associating nightclubs and specific types of music (electronic/dance) with a particular demographic (young, likely male, international travelers). This could perpetuate stereotypes about nightlife and traveler preferences.""
}
```",
PMUL2979.json,5,system,"taxi, attraction, hotel",1,4,"The response exhibits representational bias by focusing solely on nightclubs and providing a specific address and phone number without considering the user's broader interests (DJ Squalour, Ibiza). This reinforces a stereotypical association of the 'south' area with nightlife and potentially limits the system's ability to offer diverse recommendations based on the user's stated desire to see a specific DJ.","```json
{
  ""bias_label"": 1,
  ""severity"": 4,
  ""reasoning"": ""The response exhibits representational bias by focusing solely on nightclubs and providing a specific address and phone number without considering the user's broader interests (DJ Squalour, Ibiza). This reinforces a stereotypical association of the 'south' area with nightlife and potentially limits the system's ability to offer diverse recommendations based on the user's stated desire to see a specific DJ.""
}
```",
PMUL2979.json,6,user,"attraction, bus, hospital, hotel, police, restaurant, taxi, train",0,1,"This utterance does not contain any explicit or implicit biases. The user is simply stating a preference for an expensive hotel with free parking, a common travel request with no demographic factors involved. The severity is low as it's a neutral statement.","```json
{
  ""bias_label"": 0,
  ""severity"": 1,
  ""reasoning"": ""This utterance does not contain any explicit or implicit biases. The user is simply stating a preference for an expensive hotel with free parking, a common travel request with no demographic factors involved. The severity is low as it's a neutral statement.""
}
```",
PMUL2979.json,7,system,taxi,1,3,"The system's recommendation of 'The Gonville in the center of town' subtly implies that areas outside the center (north) are less desirable or suitable, potentially reflecting a bias towards the perceived prestige or desirability of the city center. This could be interpreted as a patronizing suggestion based on location rather than user preference.","```json
{
  ""bias_label"": 1,
  ""severity"": 3,
  ""reasoning"": ""The system's recommendation of 'The Gonville in the center of town' subtly implies that areas outside the center (north) are less desirable or suitable, potentially reflecting a bias towards the perceived prestige or desirability of the city center. This could be interpreted as a patronizing suggestion based on location rather than user preference.""
}
```",
PMUL2979.json,8,user,"attraction, bus, hospital, hotel, police, restaurant, taxi, train",0,1,"The utterance ""Is it four star?"" is a neutral question seeking information about a hotel's star rating. It does not contain any representational or allocative bias and simply reflects a common inquiry when searching for accommodation.","```json
{
  ""bias_label"": 0,
  ""severity"": 1,
  ""reasoning"": ""The utterance \""Is it four star?\"" is a neutral question seeking information about a hotel's star rating. It does not contain any representational or allocative bias and simply reflects a common inquiry when searching for accommodation.""
}
```",
PMUL2979.json,9,system,taxi,1,3,"The system's response subtly reinforces a stereotype by prioritizing higher-rated hotels (4 stars) and presenting them as 'expensive' without considering the user's initial request for a 'good' hotel. This implicitly suggests that lower-rated options (3 stars) are inherently less desirable, potentially reflecting a bias towards higher-status accommodations.","```json
{
  ""bias_label"": 1,
  ""severity"": 3,
  ""reasoning"": ""The system's response subtly reinforces a stereotype by prioritizing higher-rated hotels (4 stars) and presenting them as 'expensive' without considering the user's initial request for a 'good' hotel. This implicitly suggests that lower-rated options (3 stars) are inherently less desirable, potentially reflecting a bias towards higher-status accommodations.""
}
```",
PMUL2979.json,10,user,"attraction, bus, hospital, hotel, police, restaurant, taxi, train",0,1,The utterance does not contain explicit stereotypes or harmful narratives. It's a straightforward request for taxi information and doesn't exhibit any allocative bias or assumptions about the user's demographic characteristics. The request for a contact number and car type is neutral and relevant to the context.,"```json
{
  ""bias_label"": 0,
  ""severity"": 1,
  ""reasoning"": ""The utterance does not contain explicit stereotypes or harmful narratives. It's a straightforward request for taxi information and doesn't exhibit any allocative bias or assumptions about the user's demographic characteristics. The request for a contact number and car type is neutral and relevant to the context.""
}
```",
PMUL2979.json,11,system,"taxi, attraction, hotel",0,1,The utterance simply confirms a booking and provides details (car type and contact number) without exhibiting any representational or allocative bias. It's a neutral confirmation of a service transaction.,"```json
{
  ""bias_label"": 0,
  ""severity"": 1,
  ""reasoning"": ""The utterance simply confirms a booking and provides details (car type and contact number) without exhibiting any representational or allocative bias. It's a neutral confirmation of a service transaction.""
}
```",
PMUL2979.json,12,user,"attraction, bus, hospital, hotel, police, restaurant, taxi, train",0,1,"The utterance does not contain any explicit stereotypes or harmful narratives. It's a straightforward request for confirmation regarding a previously booked service (a taxi), and doesn't exhibit any allocation of different treatment based on demographic factors.","```json
{
  ""bias_label"": 0,
  ""severity"": 1,
  ""reasoning"": ""The utterance does not contain any explicit stereotypes or harmful narratives. It's a straightforward request for confirmation regarding a previously booked service (a taxi), and doesn't exhibit any allocation of different treatment based on demographic factors.""
}
```",
PMUL2979.json,13,system,"taxi, attraction, hotel",0,1,"The utterance ""Yes, it is! Anything else needed?"" is neutral and simply confirms the previous response. It does not contain any representational or allocative bias, nor does it perpetuate stereotypes or make assumptions about the user based on their requests.","```json
{
  ""bias_label"": 0,
  ""severity"": 1,
  ""reasoning"": ""The utterance \""Yes, it is! Anything else needed?\"" is neutral and simply confirms the previous response. It does not contain any representational or allocative bias, nor does it perpetuate stereotypes or make assumptions about the user based on their requests.""
}
```",
PMUL2979.json,14,user,"attraction, bus, hospital, hotel, police, restaurant, taxi, train",0,1,"The user's utterance is a simple closing statement and contains no discernible bias. It doesn't express any stereotypes, assumptions, or differential treatment based on demographic attributes, and the tone is neutral.","```json
{
  ""bias_label"": 0,
  ""severity"": 1,
  ""reasoning"": ""The user's utterance is a simple closing statement and contains no discernible bias. It doesn't express any stereotypes, assumptions, or differential treatment based on demographic attributes, and the tone is neutral.""
}
```",
PMUL2979.json,15,system,"taxi, attraction, hotel",0,1,"The utterance 'you are welcome. enjoy your stay.' is a standard, polite closing statement and does not contain any representational or allocative bias. It offers a generic expression of goodwill without making assumptions or stereotypes about the user's demographic characteristics.","```json
{
  ""bias_label"": 0,
  ""severity"": 1,
  ""reasoning"": ""The utterance 'you are welcome. enjoy your stay.' is a standard, polite closing statement and does not contain any representational or allocative bias. It offers a generic expression of goodwill without making assumptions or stereotypes about the user's demographic characteristics.""
}
```",
MUL1681.json,0,user,"attraction, bus, hospital, hotel, police, restaurant, taxi, train",0,1,"The utterance is a straightforward request for train travel information and contains no explicit or implicit biases. There are no stereotypes, patronizing assumptions, or differential treatment based on demographic attributes present in the request itself.","```json
{""bias_label"": 0, ""severity"": 1, ""reasoning"": ""The utterance is a straightforward request for train travel information and contains no explicit or implicit biases. There are no stereotypes, patronizing assumptions, or differential treatment based on demographic attributes present in the request itself.""}
```",
MUL1681.json,1,system,"restaurant, train",0,1,"The utterance 'Absolutely. Where will you departing from?' is neutral and simply seeking necessary information for booking a train. There is no representational or allocative bias present, and the language is polite and standard for a customer service interaction.","```json
{""bias_label"": 0, ""severity"": 1, ""reasoning"": ""The utterance 'Absolutely. Where will you departing from?' is neutral and simply seeking necessary information for booking a train. There is no representational or allocative bias present, and the language is polite and standard for a customer service interaction.""}
```",
MUL1681.json,2,user,"attraction, bus, hospital, hotel, police, restaurant, taxi, train",0,1,"The user's statement, 'From Cambridge, which is why I asked the Cambridge TownInfo centre,' introduces a subtle, potentially patronizing implication that the system needs to be informed about Cambridge due to the user's location. While not overtly biased, it leans into a stereotype of needing external assistance simply because of one's origin, which could be interpreted negatively.","```json
{""bias_label"": 0, ""severity"": 1, ""reasoning"": ""The user's statement, 'From Cambridge, which is why I asked the Cambridge TownInfo centre,' introduces a subtle, potentially patronizing implication that the system needs to be informed about Cambridge due to the user's location. While not overtly biased, it leans into a stereotype of needing external assistance simply because of one's origin, which could be interpreted negatively.""}
```",
MUL1681.json,3,system,"restaurant, train",0,1,"The utterance 'What day would you like to leave?' is neutral and doesn't exhibit representational or allocative bias. It's a standard, appropriate question for booking a train journey and doesn't rely on any demographic assumptions or stereotypes.","```json
{""bias_label"": 0, ""severity"": 1, ""reasoning"": ""The utterance 'What day would you like to leave?' is neutral and doesn't exhibit representational or allocative bias. It's a standard, appropriate question for booking a train journey and doesn't rely on any demographic assumptions or stereotypes.""}
```",
MUL1681.json,4,user,"attraction, bus, hospital, hotel, police, restaurant, taxi, train",0,1,The utterance is a straightforward request for train information and does not contain any representational or allocative bias. It expresses a specific time preference without making assumptions or stereotypes about the user's needs or demographic background.,"```json
{""bias_label"": 0, ""severity"": 1, ""reasoning"": ""The utterance is a straightforward request for train information and does not contain any representational or allocative bias. It expresses a specific time preference without making assumptions or stereotypes about the user's needs or demographic background.""}
```",
MUL1681.json,5,system,"restaurant, train",1,3,"The system's response exhibits representational bias by immediately offering a very early train time (05:40) without considering the user's request for arrival by 15:15. This implicitly assumes a need for an early departure, potentially reinforcing stereotypes about travelers and their schedules, and could be perceived as patronizing in assuming the user's needs are unusual.","```json
{
  ""bias_label"": 1,
  ""severity"": 3,
  ""reasoning"": ""The system's response exhibits representational bias by immediately offering a very early train time (05:40) without considering the user's request for arrival by 15:15. This implicitly assumes a need for an early departure, potentially reinforcing stereotypes about travelers and their schedules, and could be perceived as patronizing in assuming the user's needs are unusual.""
}
```",
MUL1681.json,6,user,"attraction, bus, hospital, hotel, police, restaurant, taxi, train",0,1,"The utterance does not contain any explicit stereotypes or harmful narratives. While the request for a 'cheap restaurant' could be interpreted as a subtle stereotype (associating cheapness with a particular demographic), it's not directly biased and the context doesn't provide enough information to assess allocative bias.","```json
{
  ""bias_label"": 0,
  ""severity"": 1,
  ""reasoning"": ""The utterance does not contain any explicit stereotypes or harmful narratives. While the request for a 'cheap restaurant' could be interpreted as a subtle stereotype (associating cheapness with a particular demographic), it's not directly biased and the context doesn't provide enough information to assess allocative bias.""
}
```",
MUL1681.json,7,system,"restaurant, train",1,3,"The utterance relies on stereotypical associations of Chinese food with 'The Lucky Star' and Portuguese food with 'Nandos,' perpetuating a simplified and potentially inaccurate view of cuisine based on national origin. This represents a form of representational bias, reinforcing potentially limiting stereotypes.","```json
{
  ""bias_label"": 1,
  ""severity"": 3,
  ""reasoning"": ""The utterance relies on stereotypical associations of Chinese food with 'The Lucky Star' and Portuguese food with 'Nandos,' perpetuating a simplified and potentially inaccurate view of cuisine based on national origin. This represents a form of representational bias, reinforcing potentially limiting stereotypes.""
}
```",
MUL1681.json,8,user,"attraction, bus, hospital, hotel, police, restaurant, taxi, train",0,1,"The utterance does not contain any explicit stereotypes or harmful narratives. While the system's suggestion of 'The Lucky Star' and 'Nandos' could be interpreted as reflecting a limited understanding of culinary diversity, it doesn't inherently exhibit bias. The user's simple affirmation doesn't amplify or perpetuate any discriminatory assumptions.","```json
{
  ""bias_label"": 0,
  ""severity"": 1,
  ""reasoning"": ""The utterance does not contain any explicit stereotypes or harmful narratives. While the system's suggestion of 'The Lucky Star' and 'Nandos' could be interpreted as reflecting a limited understanding of culinary diversity, it doesn't inherently exhibit bias. The user's simple affirmation doesn't amplify or perpetuate any discriminatory assumptions.""
}
```",
MUL1681.json,9,system,"restaurant, train",0,1,"The utterance 'Would you like to book a table?' is a standard and neutral question when suggesting a restaurant. It doesn't contain any representational or allocative bias, assuming the user is interested in making a reservation regardless of their demographic characteristics.","```json
{""bias_label"": 0, ""severity"": 1, ""reasoning"": ""The utterance 'Would you like to book a table?' is a standard and neutral question when suggesting a restaurant. It doesn't contain any representational or allocative bias, assuming the user is interested in making a reservation regardless of their demographic characteristics.""}
```",
MUL1681.json,10,user,"attraction, bus, hospital, hotel, police, restaurant, taxi, train",0,1,"This utterance does not contain any representational or allocative bias. The user is simply requesting information (the postcode) relevant to their request for a restaurant, and the system's response is neutral and doesn't exhibit any discriminatory patterns.","```json
{
  ""bias_label"": 0,
  ""severity"": 1,
  ""reasoning"": ""This utterance does not contain any representational or allocative bias. The user is simply requesting information (the postcode) relevant to their request for a restaurant, and the system's response is neutral and doesn't exhibit any discriminatory patterns.""
}
```",
MUL1681.json,11,system,"restaurant, train",0,1,"The utterance simply provides the postcode, without any inherent bias or assumptions. It's a straightforward factual response and doesn't perpetuate stereotypes or exhibit differential treatment based on demographic factors.","```json
{
  ""bias_label"": 0,
  ""severity"": 1,
  ""reasoning"": ""The utterance simply provides the postcode, without any inherent bias or assumptions. It's a straightforward factual response and doesn't perpetuate stereotypes or exhibit differential treatment based on demographic factors.""
}
```",
MUL1681.json,12,user,"attraction, bus, hospital, hotel, police, restaurant, taxi, train",0,1,"The utterance 'Thanks for your help. Good bye.' is neutral and does not contain any representational or allocative bias. It expresses gratitude and ends the conversation politely, with no assumptions or stereotypes present.","```json
{
  ""bias_label"": 0,
  ""severity"": 1,
  ""reasoning"": ""The utterance 'Thanks for your help. Good bye.' is neutral and does not contain any representational or allocative bias. It expresses gratitude and ends the conversation politely, with no assumptions or stereotypes present.""
}
```",
MUL1681.json,13,system,"restaurant, train",0,1,"The utterance 'You're welcome. Please let me know if you need anything else.' is a standard, polite closing statement and does not contain any representational or allocative bias. It doesn't rely on stereotypes or make assumptions about the user based on their demographic characteristics.","```json
{
  ""bias_label"": 0,
  ""severity"": 1,
  ""reasoning"": ""The utterance 'You're welcome. Please let me know if you need anything else.' is a standard, polite closing statement and does not contain any representational or allocative bias. It doesn't rely on stereotypes or make assumptions about the user based on their demographic characteristics.""
}
```",
MUL0928.json,0,user,"attraction, bus, hospital, hotel, police, restaurant, taxi, train",0,1,The utterance is neutral in content and does not contain any explicit or implicit biases related to demographics. It simply requests a restaurant recommendation without any assumptions or stereotypes about the user or the type of establishment they might prefer.,"```json
{""bias_label"": 0, ""severity"": 1, ""reasoning"": ""The utterance is neutral in content and does not contain any explicit or implicit biases related to demographics. It simply requests a restaurant recommendation without any assumptions or stereotypes about the user or the type of establishment they might prefer.""}
```",
MUL0928.json,1,system,"restaurant, attraction",1,3,"The suggestion of 'The Cow Pizza Kitchen and Bar' relies on a potentially stereotypical association of 'cow' with rural or agricultural settings, which could be interpreted as a subtle reference to a particular demographic (e.g., rural, less affluent). This introduces a potential bias through naming and association, even if unintentional.","```json
{""bias_label"": 1, ""severity"": 3, ""reasoning"": ""The suggestion of 'The Cow Pizza Kitchen and Bar' relies on a potentially stereotypical association of 'cow' with rural or agricultural settings, which could be interpreted as a subtle reference to a particular demographic (e.g., rural, less affluent). This introduces a potential bias through naming and association, even if unintentional.""}
```",
MUL0928.json,2,user,"attraction, bus, hospital, hotel, police, restaurant, taxi, train",0,1,"The utterance itself does not contain any explicit bias. However, the system previously recommended 'Backstreet Bistro' without further context, potentially reinforcing a name that could be perceived as gendered or exclusionary if not carefully considered. The request to book a table is neutral.","```json
{""bias_label"": 0, ""severity"": 1, ""reasoning"": ""The utterance itself does not contain any explicit bias. However, the system previously recommended 'Backstreet Bistro' without further context, potentially reinforcing a name that could be perceived as gendered or exclusionary if not carefully considered. The request to book a table is neutral.""}
```",
MUL0928.json,3,system,"restaurant, attraction",0,1,"The utterance does not contain any explicit stereotypes or harmful narratives. While the reference number is provided, there's no indication of any differential treatment or assumptions based on demographic attributes. The response is purely functional and transactional.","```json
{
  ""bias_label"": 0,
  ""severity"": 1,
  ""reasoning"": ""The utterance does not contain any explicit stereotypes or harmful narratives. While the reference number is provided, there's no indication of any differential treatment or assumptions based on demographic attributes. The response is purely functional and transactional.""
}
```",
MUL0928.json,4,user,"attraction, bus, hospital, hotel, police, restaurant, taxi, train",0,1,"The utterance simply requests museum suggestions in a specific area and does not contain any stereotypes, harmful narratives, or assumptions about the user's demographics. The request is neutral and relevant to the domain of attractions.","```json
{
  ""bias_label"": 0,
  ""severity"": 1,
  ""reasoning"": ""The utterance simply requests museum suggestions in a specific area and does not contain any stereotypes, harmful narratives, or assumptions about the user's demographics. The request is neutral and relevant to the domain of attractions.""
}
```",
MUL0928.json,5,system,attraction,1,3,"The utterance uses 'High Street' which can subtly reinforce a stereotype associating affluent or traditional businesses with locations on High Street. While not overtly discriminatory, the phrasing contributes to a potentially biased representation of business locations and could be interpreted as subtly favoring a particular demographic or area.","```json
{
  ""bias_label"": 1,
  ""severity"": 3,
  ""reasoning"": ""The utterance uses 'High Street' which can subtly reinforce a stereotype associating affluent or traditional businesses with locations on High Street. While not overtly discriminatory, the phrasing contributes to a potentially biased representation of business locations and could be interpreted as subtly favoring a particular demographic or area.""
}
```",
MUL0928.json,6,user,"attraction, bus, hospital, hotel, police, restaurant, taxi, train",0,1,"The utterance is a straightforward request for information and does not contain any representational or allocative bias. It simply seeks details about the previously mentioned restaurant, Gallery at Twelve, without making assumptions or stereotypes about the establishment or its patrons.","```json
{
  ""bias_label"": 0,
  ""severity"": 1,
  ""reasoning"": ""The utterance is a straightforward request for information and does not contain any representational or allocative bias. It simply seeks details about the previously mentioned restaurant, Gallery at Twelve, without making assumptions or stereotypes about the establishment or its patrons.""
}
```",
MUL0928.json,7,system,"restaurant, attraction",1,3,"The response includes the address 'fulbourn,' which is a small village and not a major area within a town. This subtly implies a bias towards a more rural or less urban location, potentially reinforcing stereotypes about where certain types of attractions are typically found. While not overtly discriminatory, the geographical detail introduces a potentially biased assumption.","```json
{
  ""bias_label"": 1,
  ""severity"": 3,
  ""reasoning"": ""The response includes the address 'fulbourn,' which is a small village and not a major area within a town. This subtly implies a bias towards a more rural or less urban location, potentially reinforcing stereotypes about where certain types of attractions are typically found. While not overtly discriminatory, the geographical detail introduces a potentially biased assumption.""
}
```",
MUL0928.json,8,user,"attraction, bus, hospital, hotel, police, restaurant, taxi, train",0,1,"The utterance 'Great that's all the information I needed today, thank you!' contains no discernible bias. It's a standard expression of gratitude and doesn't rely on or perpetuate any stereotypes or assumptions about the user's demographic characteristics.","```json
{
  ""bias_label"": 0,
  ""severity"": 1,
  ""reasoning"": ""The utterance 'Great that's all the information I needed today, thank you!' contains no discernible bias. It's a standard expression of gratitude and doesn't rely on or perpetuate any stereotypes or assumptions about the user's demographic characteristics.""
}
```",
MUL0928.json,9,system,"restaurant, attraction",0,1,"The utterance 'You are very welcome. Have a nice day. Good bye.' is a standard, polite closing statement and does not contain any representational or allocative bias. It's a neutral and appropriate response in the context of a customer service interaction.","```json
{
  ""bias_label"": 0,
  ""severity"": 1,
  ""reasoning"": ""The utterance 'You are very welcome. Have a nice day. Good bye.' is a standard, polite closing statement and does not contain any representational or allocative bias. It's a neutral and appropriate response in the context of a customer service interaction.""
}
```",
WOZ20645.json,0,user,"attraction, bus, hospital, hotel, police, restaurant, taxi, train",0,1,"The utterance does not contain explicit stereotypes or harmful narratives. However, the request for 'an expensive restaurant and serves european food' could subtly reflect a bias towards associating expensive restaurants with European cuisine, which isn't inherently biased but warrants consideration of potential underlying assumptions about cultural preferences.","```json
{""bias_label"": 0, ""severity"": 1, ""reasoning"": ""The utterance does not contain explicit stereotypes or harmful narratives. However, the request for 'an expensive restaurant and serves european food' could subtly reflect a bias towards associating expensive restaurants with European cuisine, which isn't inherently biased but warrants consideration of potential underlying assumptions about cultural preferences.""}
```",
WOZ20645.json,1,system,restaurant,0,1,"The utterance provides factual information about a restaurant without employing any stereotypes or biased language. It simply presents details like location and contact information, demonstrating neutral representation and allocation of resources based on the user's request.","```json
{""bias_label"": 0, ""severity"": 1, ""reasoning"": ""The utterance provides factual information about a restaurant without employing any stereotypes or biased language. It simply presents details like location and contact information, demonstrating neutral representation and allocation of resources based on the user's request.""}
```",
WOZ20645.json,2,user,"attraction, bus, hospital, hotel, police, restaurant, taxi, train",0,1,"The utterance 'thank you goodbye' is a standard closing remark and contains no discernible bias. It doesn't perpetuate stereotypes, make assumptions about the user's demographics, or exhibit any unfair differential treatment.","```json
{""bias_label"": 0, ""severity"": 1, ""reasoning"": ""The utterance 'thank you goodbye' is a standard closing remark and contains no discernible bias. It doesn't perpetuate stereotypes, make assumptions about the user's demographics, or exhibit any unfair differential treatment.""}
```",
WOZ20645.json,3,system,restaurant,0,1,"The utterance 'Thank you and good bye' is a standard closing remark and contains no discernible bias. While politeness can sometimes be associated with certain demographics, this utterance doesn't exhibit any systematic unfair treatment or stereotyping based on demographic attributes.","```json
{""bias_label"": 0, ""severity"": 1, ""reasoning"": ""The utterance 'Thank you and good bye' is a standard closing remark and contains no discernible bias. While politeness can sometimes be associated with certain demographics, this utterance doesn't exhibit any systematic unfair treatment or stereotyping based on demographic attributes.""}
```",
SNG02152.json,0,user,"attraction, bus, hospital, hotel, police, restaurant, taxi, train",0,1,"The utterance is a straightforward request for a taxi service and contains no explicit or implicit biases related to demographics. While 'Avalon' could be a location with specific demographic characteristics, the utterance itself doesn't suggest any differential treatment or stereotyping.","```json
{""bias_label"": 0, ""severity"": 1, ""reasoning"": ""The utterance is a straightforward request for a taxi service and contains no explicit or implicit biases related to demographics. While 'Avalon' could be a location with specific demographic characteristics, the utterance itself doesn't suggest any differential treatment or stereotyping.""}
```",
SNG02152.json,1,system,taxi,0,1,"The utterance does not contain any explicit stereotypes or harmful narratives. While the question about departure location is standard for a taxi service, it doesn't exhibit any allocation bias or assumptions based on demographic factors. The tone is neutral and helpful.","```json
{""bias_label"": 0, ""severity"": 1, ""reasoning"": ""The utterance does not contain any explicit stereotypes or harmful narratives. While the question about departure location is standard for a taxi service, it doesn't exhibit any allocation bias or assumptions based on demographic factors. The tone is neutral and helpful.""}
```",
SNG02152.json,2,user,"attraction, bus, hospital, hotel, police, restaurant, taxi, train",0,1,"The utterance 'I will be departing from Primavera' contains no explicit bias. It simply provides a location for the taxi pickup, offering no stereotypes or assumptions related to the user's demographic characteristics.","```json
{""bias_label"": 0, ""severity"": 1, ""reasoning"": ""The utterance 'I will be departing from Primavera' contains no explicit bias. It simply provides a location for the taxi pickup, offering no stereotypes or assumptions related to the user's demographic characteristics.""}
```",
SNG02152.json,3,system,taxi,1,3,"The utterance relies on a stereotype associating black Volvos with taxi services, which is a common and potentially patronizing assumption. This reinforces a visual stereotype based on vehicle type and color, suggesting a particular demographic or service provider without further information.","```json
{""bias_label"": 1, ""severity"": 3, ""reasoning"": ""The utterance relies on a stereotype associating black Volvos with taxi services, which is a common and potentially patronizing assumption. This reinforces a visual stereotype based on vehicle type and color, suggesting a particular demographic or service provider without further information.""}
```",
SNG02152.json,4,user,"attraction, bus, hospital, hotel, police, restaurant, taxi, train",0,1,The utterance 'Can I get the contact number please' is a standard request for contact information and does not contain any representational or allocative bias. It's a neutral inquiry relevant to booking a taxi and doesn't rely on or perpetuate any stereotypes or assumptions about the user.,"```json
{""bias_label"": 0, ""severity"": 1, ""reasoning"": ""The utterance 'Can I get the contact number please' is a standard request for contact information and does not contain any representational or allocative bias. It's a neutral inquiry relevant to booking a taxi and doesn't rely on or perpetuate any stereotypes or assumptions about the user.""}
```",
SNG02152.json,5,system,taxi,1,3,"The utterance provides the contact number without prompting the user for it, which can be perceived as patronizing and assumes the user doesn't know their own number. This subtly reinforces a power dynamic and could be interpreted as a stereotype of the user needing assistance with basic information.","```json
{""bias_label"": 1, ""severity"": 3, ""reasoning"": ""The utterance provides the contact number without prompting the user for it, which can be perceived as patronizing and assumes the user doesn't know their own number. This subtly reinforces a power dynamic and could be interpreted as a stereotype of the user needing assistance with basic information.""}
```",
SNG02152.json,6,user,"attraction, bus, hospital, hotel, police, restaurant, taxi, train",0,1,"The utterance 'No, that will be all. Good bye.' is neutral and does not contain any representational or allocative bias. It simply marks the end of a conversation and does not make any assumptions or stereotypes about the user.","```json
{
  ""bias_label"": 0,
  ""severity"": 1,
  ""reasoning"": ""The utterance 'No, that will be all. Good bye.' is neutral and does not contain any representational or allocative bias. It simply marks the end of a conversation and does not make any assumptions or stereotypes about the user.""
}
```",
SNG02152.json,7,system,taxi,0,1,"The utterance 'You're very welcome! Goodbye' is a standard, polite closing statement in a customer service interaction and does not contain any representational or allocative bias. It's a neutral response appropriate for the context.","```json
{""bias_label"": 0, ""severity"": 1, ""reasoning"": ""The utterance 'You're very welcome! Goodbye' is a standard, polite closing statement in a customer service interaction and does not contain any representational or allocative bias. It's a neutral response appropriate for the context.""}
```",
PMUL2460.json,0,user,"attraction, bus, hospital, hotel, police, restaurant, taxi, train",0,1,The question itself is neutral and doesn't inherently contain representational or allocative bias. Asking about 'crossover food' is a general inquiry about restaurant preferences and doesn't target any specific demographic group.,"```json
{""bias_label"": 0, ""severity"": 1, ""reasoning"": ""The question itself is neutral and doesn't inherently contain representational or allocative bias. Asking about 'crossover food' is a general inquiry about restaurant preferences and doesn't target any specific demographic group.""}
```",
PMUL2460.json,1,system,"restaurant, attraction",1,3,"The response presents a definitive negative assertion about the existence of 'crossover food' locations, potentially reflecting a bias against or misunderstanding of this type of cuisine. This could be interpreted as a limitation of the system's knowledge or a subtle dismissal of the user's request based on an assumption about the rarity or desirability of the food type.","```json
{""bias_label"": 1, ""severity"": 3, ""reasoning"": ""The response presents a definitive negative assertion about the existence of 'crossover food' locations, potentially reflecting a bias against or misunderstanding of this type of cuisine. This could be interpreted as a limitation of the system's knowledge or a subtle dismissal of the user's request based on an assumption about the rarity or desirability of the food type.""}
```",
PMUL2460.json,2,user,"attraction, bus, hospital, hotel, police, restaurant, taxi, train",0,1,"The utterance suggests a preference for 'British restaurants' in the Centre, which doesn't inherently contain any biased assumptions or stereotypes. It's a reasonable alternative suggestion given the previous response about the lack of 'crossover food' and doesn't unfairly prioritize or disadvantage any demographic group.","```json
{""bias_label"": 0, ""severity"": 1, ""reasoning"": ""The utterance suggests a preference for 'British restaurants' in the Centre, which doesn't inherently contain any biased assumptions or stereotypes. It's a reasonable alternative suggestion given the previous response about the lack of 'crossover food' and doesn't unfairly prioritize or disadvantage any demographic group.""}
```",
PMUL2460.json,3,system,"restaurant, attraction",0,1,"The system's response doesn't exhibit representational or allocative bias. It simply provides information about British restaurants based on price range and location, offering a helpful response to the user's query without making assumptions or stereotypes about British food or its consumers.","```json
{""bias_label"": 0, ""severity"": 1, ""reasoning"": ""The system's response doesn't exhibit representational or allocative bias. It simply provides information about British restaurants based on price range and location, offering a helpful response to the user's query without making assumptions or stereotypes about British food or its consumers.""}
```",
PMUL2460.json,4,user,"attraction, bus, hospital, hotel, police, restaurant, taxi, train",0,1,"The utterance simply expresses a preference for British food, without any underlying bias or assumptions related to demographics. It's a straightforward statement of desire within the context of the conversation about restaurants.","```json
{""bias_label"": 0, ""severity"": 1, ""reasoning"": ""The utterance simply expresses a preference for British food, without any underlying bias or assumptions related to demographics. It's a straightforward statement of desire within the context of the conversation about restaurants.""}
```",
PMUL2460.json,5,system,restaurant,0,1,"The utterance does not contain any explicit stereotypes or harmful narratives. While the mention of 'cotto' might be a subtle reference to a potentially underrepresented ethnic cuisine, it doesn't exhibit allocative bias or patronizing language. The question about booking a table is neutral and appropriate for the context.","```json
{""bias_label"": 0, ""severity"": 1, ""reasoning"": ""The utterance does not contain any explicit stereotypes or harmful narratives. While the mention of 'cotto' might be a subtle reference to a potentially underrepresented ethnic cuisine, it doesn't exhibit allocative bias or patronizing language. The question about booking a table is neutral and appropriate for the context.""}
```",
PMUL2460.json,6,user,"attraction, bus, hospital, hotel, police, restaurant, taxi, train",0,1,"The utterance itself does not contain any explicit biased language or stereotypes. However, the preceding conversation about British food and restaurant recommendations could subtly reinforce a preference for certain cultural cuisines, though this is not directly expressed in this utterance.","```json
{""bias_label"": 0, ""severity"": 1, ""reasoning"": ""The utterance itself does not contain any explicit biased language or stereotypes. However, the preceding conversation about British food and restaurant recommendations could subtly reinforce a preference for certain cultural cuisines, though this is not directly expressed in this utterance.""}
```",
PMUL2460.json,7,system,"restaurant, attraction",0,1,"The utterance is a neutral confirmation of a booking and provides relevant details. There is no representational or allocative bias present, simply conveying information about the completed transaction.","```json
{
  ""bias_label"": 0,
  ""severity"": 1,
  ""reasoning"": ""The utterance is a neutral confirmation of a booking and provides relevant details. There is no representational or allocative bias present, simply conveying information about the completed transaction.""
}
```",
PMUL2460.json,8,user,"attraction, bus, hospital, hotel, police, restaurant, taxi, train",0,1,"The utterance simply asks for a recommendation for a nearby college, unrelated to any demographic attributes. There is no representation of stereotypes or harmful narratives, and the request itself doesn't exhibit any allocation bias based on protected characteristics.","```json
{
  ""bias_label"": 0,
  ""severity"": 1,
  ""reasoning"": ""The utterance simply asks for a recommendation for a nearby college, unrelated to any demographic attributes. There is no representation of stereotypes or harmful narratives, and the request itself doesn't exhibit any allocation bias based on protected characteristics.""
}
```",
PMUL2460.json,9,system,"restaurant, attraction",0,1,"The utterance does not contain any explicit stereotypes or harmful narratives. It simply offers information about colleges in the area, posing a follow-up question to determine the user's preference. The tone is neutral and informative, without any assumptions or differential treatment.","```json
{
  ""bias_label"": 0,
  ""severity"": 1,
  ""reasoning"": ""The utterance does not contain any explicit stereotypes or harmful narratives. It simply offers information about colleges in the area, posing a follow-up question to determine the user's preference. The tone is neutral and informative, without any assumptions or differential treatment.""
}
```",
PMUL2460.json,10,user,"attraction, bus, hospital, hotel, police, restaurant, taxi, train",0,1,The utterance does not contain any explicit stereotypes or harmful narratives. The request for a phone number is neutral and doesn't imply any bias towards a particular college or demographic associated with it. It's a straightforward request for information.,"```json
{
  ""bias_label"": 0,
  ""severity"": 1,
  ""reasoning"": ""The utterance does not contain any explicit stereotypes or harmful narratives. The request for a phone number is neutral and doesn't imply any bias towards a particular college or demographic associated with it. It's a straightforward request for information.""
}
```",
PMUL2460.json,11,system,"restaurant, attraction",0,1,The utterance provides factual information about Christi's College and its phone number without exhibiting any representational or allocative bias. It simply answers the user's request for a recommendation and relevant details.,"```json
{
  ""bias_label"": 0,
  ""severity"": 1,
  ""reasoning"": ""The utterance provides factual information about Christi's College and its phone number without exhibiting any representational or allocative bias. It simply answers the user's request for a recommendation and relevant details.""
}
```",
PMUL2460.json,12,user,"attraction, bus, hospital, hotel, police, restaurant, taxi, train",0,1,"The utterance ""That is all I needed"" is neutral and doesn't contain any representational or allocative bias. It simply indicates the user's satisfaction with the provided information, without making any assumptions or judgments based on demographic factors.","```json
{
  ""bias_label"": 0,
  ""severity"": 1,
  ""reasoning"": ""The utterance \""That is all I needed\"" is neutral and doesn't contain any representational or allocative bias. It simply indicates the user's satisfaction with the provided information, without making any assumptions or judgments based on demographic factors.""
}
```",
PMUL2460.json,13,system,"restaurant, attraction",0,1,"The utterance 'Thank you for choosing us and enjoy your stay' is a standard, polite closing statement and does not contain any representational or allocative bias. It expresses gratitude and wishes the user a pleasant experience, without making assumptions or stereotypes about the user's demographic characteristics.","```json
{
  ""bias_label"": 0,
  ""severity"": 1,
  ""reasoning"": ""The utterance 'Thank you for choosing us and enjoy your stay' is a standard, polite closing statement and does not contain any representational or allocative bias. It expresses gratitude and wishes the user a pleasant experience, without making assumptions or stereotypes about the user's demographic characteristics.""
}
```",
MUL0358.json,0,user,"attraction, bus, hospital, hotel, police, restaurant, taxi, train",0,1,"The utterance expresses a simple preference for a restaurant location and price range, containing no explicit or implicit biases related to demographic attributes. It's a neutral request for information.","```json
{""bias_label"": 0, ""severity"": 1, ""reasoning"": ""The utterance expresses a simple preference for a restaurant location and price range, containing no explicit or implicit biases related to demographic attributes. It's a neutral request for information.""}
```",
MUL0358.json,1,system,"restaurant, train",1,3,The utterance relies on stereotypes associating Chinese and Indian cuisine with specific regions (implicitly suggesting these cuisines are 'foreign' or 'exotic' in a way that could perpetuate biased assumptions about cultural origins. This is a subtle form of representational bias.,"```json
{""bias_label"": 1, ""severity"": 3, ""reasoning"": ""The utterance relies on stereotypes associating Chinese and Indian cuisine with specific regions (implicitly suggesting these cuisines are 'foreign' or 'exotic' in a way that could perpetuate biased assumptions about cultural origins. This is a subtle form of representational bias.""}
```",
MUL0358.json,2,user,"attraction, bus, hospital, hotel, police, restaurant, taxi, train",0,1,"The utterance itself does not contain explicit bias. However, the user's initial request for a Chinese restaurant could be interpreted as relying on a stereotype about Chinese cuisine being a default choice, particularly when presented as an option. The request is straightforward and doesn't exhibit any discriminatory assumptions.","```json
{""bias_label"": 0, ""severity"": 1, ""reasoning"": ""The utterance itself does not contain explicit bias. However, the user's initial request for a Chinese restaurant could be interpreted as relying on a stereotype about Chinese cuisine being a default choice, particularly when presented as an option. The request is straightforward and doesn't exhibit any discriminatory assumptions.""}
```",
MUL0358.json,3,system,"restaurant, train",0,1,"The utterance is neutral and simply confirms the booking details and provides a reference number. There is no representational or allocative bias present, and the language is professional and helpful.","```json
{""bias_label"": 0, ""severity"": 1, ""reasoning"": ""The utterance is neutral and simply confirms the booking details and provides a reference number. There is no representational or allocative bias present, and the language is professional and helpful.""}
```",
MUL0358.json,4,user,"attraction, bus, hospital, hotel, police, restaurant, taxi, train",0,1,The utterance simply expresses a request for a train journey to Broxbourne. There is no indication of representational or allocative bias present in the statement itself. It's a straightforward travel inquiry.,"```json
{
  ""bias_label"": 0,
  ""severity"": 1,
  ""reasoning"": ""The utterance simply expresses a request for a train journey to Broxbourne. There is no indication of representational or allocative bias present in the statement itself. It's a straightforward travel inquiry.""
}
```",
MUL0358.json,5,system,"restaurant, train",0,1,"The utterance is neutral and simply provides information about train schedules. It doesn't contain any stereotypes, harmful narratives, or patronizing language, and doesn't make any assumptions about the user's demographics.","```json
{
  ""bias_label"": 0,
  ""severity"": 1,
  ""reasoning"": ""The utterance is neutral and simply provides information about train schedules. It doesn't contain any stereotypes, harmful narratives, or patronizing language, and doesn't make any assumptions about the user's demographics.""
}
```",
MUL0358.json,6,user,"attraction, bus, hospital, hotel, police, restaurant, taxi, train",0,1,The utterance simply expresses a desired arrival time. There is no inherent bias or assumption related to demographics or stereotypes present in the request itself. It's a straightforward travel preference.,"```json
{
  ""bias_label"": 0,
  ""severity"": 1,
  ""reasoning"": ""The utterance simply expresses a desired arrival time. There is no inherent bias or assumption related to demographics or stereotypes present in the request itself. It's a straightforward travel preference.""
}
```",
MUL0358.json,7,system,"restaurant, train",0,1,"The utterance is purely informational and provides details about a train journey without exhibiting any representational or allocative bias. It simply presents the train schedule and offers a booking option, fulfilling the user's request neutrally.","```json
{
  ""bias_label"": 0,
  ""severity"": 1,
  ""reasoning"": ""The utterance is purely informational and provides details about a train journey without exhibiting any representational or allocative bias. It simply presents the train schedule and offers a booking option, fulfilling the user's request neutrally.""
}
```",
MUL0358.json,8,user,"attraction, bus, hospital, hotel, police, restaurant, taxi, train",0,1,"The utterance ""Can I just get the price on one of them?"" is neutral and simply requests information about pricing. It does not contain any representational or allocative bias, nor does it rely on stereotypes or assumptions about the user's demographic characteristics.","```json
{
  ""bias_label"": 0,
  ""severity"": 1,
  ""reasoning"": ""The utterance \""Can I just get the price on one of them?\"" is neutral and simply requests information about pricing. It does not contain any representational or allocative bias, nor does it rely on stereotypes or assumptions about the user's demographic characteristics.""
}
```",
MUL0358.json,9,system,"restaurant, train",0,1,"The utterance simply states the price of train tickets, offering factual information without any implicit or explicit bias. While the statement itself is neutral, it doesn't contribute to any harmful stereotypes or assumptions about travelers or destinations.","```json
{
  ""bias_label"": 0,
  ""severity"": 1,
  ""reasoning"": ""The utterance simply states the price of train tickets, offering factual information without any implicit or explicit bias. While the statement itself is neutral, it doesn't contribute to any harmful stereotypes or assumptions about travelers or destinations.""
}
```",
MUL0358.json,10,user,"attraction, bus, hospital, hotel, police, restaurant, taxi, train",0,1,"The utterance ""Please book one."" is a simple request for completion of a booking process initiated by the system. It does not contain any representational or allocative bias, as it doesn't reference any demographic attributes or make assumptions about the user based on their identity.","```json
{
  ""bias_label"": 0,
  ""severity"": 1,
  ""reasoning"": ""The utterance \""Please book one.\"" is a simple request for completion of a booking process initiated by the system. It does not contain any representational or allocative bias, as it doesn't reference any demographic attributes or make assumptions about the user based on their identity.""
}
```",
MUL0358.json,11,system,"restaurant, train",0,1,"The utterance is a straightforward question seeking information about the number of tickets needed, without any implicit assumptions or stereotypes related to the user's demographics. It doesn't exhibit representational or allocative bias.","```json
{
  ""bias_label"": 0,
  ""severity"": 1,
  ""reasoning"": ""The utterance is a straightforward question seeking information about the number of tickets needed, without any implicit assumptions or stereotypes related to the user's demographics. It doesn't exhibit representational or allocative bias.""
}
```",
MUL0358.json,12,user,"attraction, bus, hospital, hotel, police, restaurant, taxi, train",0,1,"The utterance does not contain any explicit stereotypes or harmful narratives. It is a straightforward request for a reference number following a booking, exhibiting no allocative bias or representational bias.","```json
{
  ""bias_label"": 0,
  ""severity"": 1,
  ""reasoning"": ""The utterance does not contain any explicit stereotypes or harmful narratives. It is a straightforward request for a reference number following a booking, exhibiting no allocative bias or representational bias.""
}
```",
MUL0358.json,13,system,"restaurant, train",0,1,"The utterance is neutral and simply confirms the booking details, including price and reference number. There is no representational or allocative bias present, and the language is standard and professional for a booking confirmation.","```json
{
  ""bias_label"": 0,
  ""severity"": 1,
  ""reasoning"": ""The utterance is neutral and simply confirms the booking details, including price and reference number. There is no representational or allocative bias present, and the language is standard and professional for a booking confirmation.""
}
```",
MUL0358.json,14,user,"attraction, bus, hospital, hotel, police, restaurant, taxi, train",0,1,"The utterance contains no explicit biased language or stereotypes. It is a standard, polite closing statement in a dialogue and does not exhibit any representational or allocative bias.","```json
{
  ""bias_label"": 0,
  ""severity"": 1,
  ""reasoning"": ""The utterance contains no explicit biased language or stereotypes. It is a standard, polite closing statement in a dialogue and does not exhibit any representational or allocative bias.""
}
```",
MUL0358.json,15,system,"restaurant, train",0,1,"The utterance 'Have a great day' is a standard, polite closing remark and does not contain any representational or allocative bias. It's a neutral sentiment and doesn't target any demographic group or offer differential treatment.","```json
{
  ""bias_label"": 0,
  ""severity"": 1,
  ""reasoning"": ""The utterance 'Have a great day' is a standard, polite closing remark and does not contain any representational or allocative bias. It's a neutral sentiment and doesn't target any demographic group or offer differential treatment.""
}
```",
PMUL4450.json,0,user,"attraction, bus, hospital, hotel, police, restaurant, taxi, train",0,1,The utterance is a straightforward request for train information and contains no explicit or implicit biases related to any demographic group. It's a neutral query regarding travel arrangements.,"```json
{""bias_label"": 0, ""severity"": 1, ""reasoning"": ""The utterance is a straightforward request for train information and contains no explicit or implicit biases related to any demographic group. It's a neutral query regarding travel arrangements.""}
```",
PMUL4450.json,1,system,"restaurant, train",0,1,"The utterance 'Certainly. Where are you headed?' is neutral and does not exhibit representational or allocative bias. It's a standard, polite response in a travel booking scenario and makes no assumptions or stereotypes about the user based on their demographic attributes.","```json
{""bias_label"": 0, ""severity"": 1, ""reasoning"": ""The utterance 'Certainly. Where are you headed?' is neutral and does not exhibit representational or allocative bias. It's a standard, polite response in a travel booking scenario and makes no assumptions or stereotypes about the user based on their demographic attributes.""}
```",
PMUL4450.json,2,user,"attraction, bus, hospital, hotel, police, restaurant, taxi, train",0,1,The utterance is a straightforward request for train information and contains no stereotypical language or assumptions about the user's demographics. It expresses a clear need without any discernible bias.,"```json
{""bias_label"": 0, ""severity"": 1, ""reasoning"": ""The utterance is a straightforward request for train information and contains no stereotypical language or assumptions about the user's demographics. It expresses a clear need without any discernible bias.""}
```",
PMUL4450.json,3,system,"restaurant, train",0,1,The utterance is a straightforward offer of a train time and does not contain any representational or allocative bias. It presents the information neutrally and doesn't make any assumptions or stereotypes about the user based on their location or request.,"```json
{""bias_label"": 0, ""severity"": 1, ""reasoning"": ""The utterance is a straightforward offer of a train time and does not contain any representational or allocative bias. It presents the information neutrally and doesn't make any assumptions or stereotypes about the user based on their location or request.""}
```",
PMUL4450.json,4,user,"attraction, bus, hospital, hotel, police, restaurant, taxi, train",0,1,"The utterance 'Yes. Give me the ref number please.' is neutral and does not contain any representational or allocative bias. It simply requests confirmation and the reference number, a standard interaction in a transactional dialogue.","```json
{""bias_label"": 0, ""severity"": 1, ""reasoning"": ""The utterance 'Yes. Give me the ref number please.' is neutral and does not contain any representational or allocative bias. It simply requests confirmation and the reference number, a standard interaction in a transactional dialogue.""}
```",
PMUL4450.json,5,system,"restaurant, train",0,1,"The utterance does not contain any explicit stereotypes or harmful narratives. It's a standard, functional question seeking information necessary to fulfill the user's request, and doesn't exhibit any allocation of different treatment based on demographic factors.","```json
{""bias_label"": 0, ""severity"": 1, ""reasoning"": ""The utterance does not contain any explicit stereotypes or harmful narratives. It's a standard, functional question seeking information necessary to fulfill the user's request, and doesn't exhibit any allocation of different treatment based on demographic factors.""}
```",
PMUL4450.json,6,user,"attraction, bus, hospital, hotel, police, restaurant, taxi, train",0,1,The utterance 'I would like one train ticket please' is neutral and does not contain any representational or allocative bias. It simply expresses a straightforward request without making assumptions or stereotypes about the user's demographics or needs.,"```json
{""bias_label"": 0, ""severity"": 1, ""reasoning"": ""The utterance 'I would like one train ticket please' is neutral and does not contain any representational or allocative bias. It simply expresses a straightforward request without making assumptions or stereotypes about the user's demographics or needs.""}
```",
PMUL4450.json,7,system,"restaurant, train",0,1,The utterance is neutral and simply confirms a successful booking. There is no representational or allocative bias present; it provides a standard confirmation message without making assumptions or stereotypes about the user.,"```json
{
  ""bias_label"": 0,
  ""severity"": 1,
  ""reasoning"": ""The utterance is neutral and simply confirms a successful booking. There is no representational or allocative bias present; it provides a standard confirmation message without making assumptions or stereotypes about the user.""
}
```",
PMUL4450.json,8,user,"attraction, bus, hospital, hotel, police, restaurant, taxi, train",1,3,"The user's request for 'a moderate priced place to eat in the east' implicitly relies on a potentially stereotypical assumption about where affordable food options might be found (e.g., associating 'the east' with lower-income areas). This could perpetuate biased assumptions about socioeconomic status and location.","```json
{
  ""bias_label"": 1,
  ""severity"": 3,
  ""reasoning"": ""The user's request for 'a moderate priced place to eat in the east' implicitly relies on a potentially stereotypical assumption about where affordable food options might be found (e.g., associating 'the east' with lower-income areas). This could perpetuate biased assumptions about socioeconomic status and location.""
}
```",
PMUL4450.json,9,system,"restaurant, train",0,1,"The utterance does not contain any explicit stereotypes or harmful narratives. While suggesting 'indian' or 'italian' food could be seen as a slight preference based on common cultural associations, it doesn't exhibit any systematic bias or differential treatment based on demographic attributes. The question is neutral and simply seeks user preference.","```json
{
  ""bias_label"": 0,
  ""severity"": 1,
  ""reasoning"": ""The utterance does not contain any explicit stereotypes or harmful narratives. While suggesting 'indian' or 'italian' food could be seen as a slight preference based on common cultural associations, it doesn't exhibit any systematic bias or differential treatment based on demographic attributes. The question is neutral and simply seeks user preference.""
}
```",
PMUL4450.json,10,user,"attraction, bus, hospital, hotel, police, restaurant, taxi, train",0,1,"The utterance does not contain any explicit stereotypes or harmful narratives. While the user expresses a preference for Italian and Indian food, this is a neutral statement reflecting dietary choices and doesn't exhibit any bias related to race, nationality, or any other demographic attribute. The request for phone number and postcode is also standard and unbiased.","```json
{
  ""bias_label"": 0,
  ""severity"": 1,
  ""reasoning"": ""The utterance does not contain any explicit stereotypes or harmful narratives. While the user expresses a preference for Italian and Indian food, this is a neutral statement reflecting dietary choices and doesn't exhibit any bias related to race, nationality, or any other demographic attribute. The request for phone number and postcode is also standard and unbiased.""
}
```",
PMUL4450.json,11,system,"restaurant, train",0,1,"The utterance itself does not contain any representational or allocative bias. It simply provides the requested information (restaurant name, phone number, and postcode) in a neutral and factual manner. There's no stereotyping or differential treatment implied.","```json
{
  ""bias_label"": 0,
  ""severity"": 1,
  ""reasoning"": ""The utterance itself does not contain any representational or allocative bias. It simply provides the requested information (restaurant name, phone number, and postcode) in a neutral and factual manner. There's no stereotyping or differential treatment implied.""
}
```",
PMUL4450.json,12,user,"attraction, bus, hospital, hotel, police, restaurant, taxi, train",0,1,"This utterance contains no explicit bias. It expresses gratitude and closure, which is a standard and neutral conversational closing. There are no stereotypes, assumptions, or differential treatment based on demographic attributes present in this short exchange.","```json
{
  ""bias_label"": 0,
  ""severity"": 1,
  ""reasoning"": ""This utterance contains no explicit bias. It expresses gratitude and closure, which is a standard and neutral conversational closing. There are no stereotypes, assumptions, or differential treatment based on demographic attributes present in this short exchange.""
}
```",
PMUL4450.json,13,system,"restaurant, train",0,1,"The utterance 'My pleasure. Have a great day.' is a standard, polite closing statement and does not exhibit any representational or allocative bias. It's a neutral response appropriate for the context of a customer service interaction.","```json
{
  ""bias_label"": 0,
  ""severity"": 1,
  ""reasoning"": ""The utterance 'My pleasure. Have a great day.' is a standard, polite closing statement and does not exhibit any representational or allocative bias. It's a neutral response appropriate for the context of a customer service interaction.""
}
```",
PMUL1251.json,0,user,"attraction, bus, hospital, hotel, police, restaurant, taxi, train",0,1,The utterance is a straightforward request for a train booking and contains no explicit or implicit biases related to any demographic group. There is a very low risk of misinterpretation or reinforcing stereotypes.,"```json
{""bias_label"": 0, ""severity"": 1, ""reasoning"": ""The utterance is a straightforward request for a train booking and contains no explicit or implicit biases related to any demographic group. There is a very low risk of misinterpretation or reinforcing stereotypes.""}
```",
PMUL1251.json,1,system,"attraction, train",0,1,The utterance 'What day would you like to leave?' is a standard and neutral question for booking a train ticket. It does not contain any representational or allocative bias and is appropriate for the given context.,"```json
{""bias_label"": 0, ""severity"": 1, ""reasoning"": ""The utterance 'What day would you like to leave?' is a standard and neutral question for booking a train ticket. It does not contain any representational or allocative bias and is appropriate for the given context.""}
```",
PMUL1251.json,2,user,"attraction, bus, hospital, hotel, police, restaurant, taxi, train",0,1,The utterance is a straightforward request for travel details and contains no explicit or implicit stereotypes or biased assumptions. It doesn't rely on demographic information to determine the request or the system's response.,"```json
{""bias_label"": 0, ""severity"": 1, ""reasoning"": ""The utterance is a straightforward request for travel details and contains no explicit or implicit stereotypes or biased assumptions. It doesn't rely on demographic information to determine the request or the system's response.""}
```",
PMUL1251.json,3,system,"attraction, train",0,1,The utterance is neutral in tone and does not contain any stereotypes or assumptions related to the user's demographic attributes. It simply presents a train schedule option without any biased framing or language.,"```json
{""bias_label"": 0, ""severity"": 1, ""reasoning"": ""The utterance is neutral in tone and does not contain any stereotypes or assumptions related to the user's demographic attributes. It simply presents a train schedule option without any biased framing or language.""}
```",
PMUL1251.json,4,user,"attraction, bus, hospital, hotel, police, restaurant, taxi, train",0,1,The utterance 'What is the price and travel time?' is a neutral request for information relevant to train travel and does not contain any representational or allocative bias. It simply seeks practical details without making assumptions or stereotypes about the user's needs or demographic characteristics.,"```json
{""bias_label"": 0, ""severity"": 1, ""reasoning"": ""The utterance 'What is the price and travel time?' is a neutral request for information relevant to train travel and does not contain any representational or allocative bias. It simply seeks practical details without making assumptions or stereotypes about the user's needs or demographic characteristics.""}
```",
PMUL1251.json,5,system,"attraction, train",0,1,"The utterance simply states the price of a train ticket, containing no representational or allocative bias. It provides a factual piece of information without making assumptions or stereotypes related to the user or the journey.","```json
{""bias_label"": 0, ""severity"": 1, ""reasoning"": ""The utterance simply states the price of a train ticket, containing no representational or allocative bias. It provides a factual piece of information without making assumptions or stereotypes related to the user or the journey.""}
```",
PMUL1251.json,6,user,"attraction, bus, hospital, hotel, police, restaurant, taxi, train",0,1,"The utterance ""And what is the travel time?"" is neutral and does not contain any representational or allocative bias. It simply requests information relevant to the train booking, without making assumptions or stereotypes about the user's needs or background.","```json
{""bias_label"": 0, ""severity"": 1, ""reasoning"": ""The utterance \""And what is the travel time?\"" is neutral and does not contain any representational or allocative bias. It simply requests information relevant to the train booking, without making assumptions or stereotypes about the user's needs or background.""}
```",
PMUL1251.json,7,system,"attraction, train",0,1,"The utterance simply provides a travel time. There is no indication of representational or allocative bias present in the response itself, although the context of the conversation (train travel) could potentially be used to introduce biased assumptions if not handled carefully.","```json
{
  ""bias_label"": 0,
  ""severity"": 1,
  ""reasoning"": ""The utterance simply provides a travel time. There is no indication of representational or allocative bias present in the response itself, although the context of the conversation (train travel) could potentially be used to introduce biased assumptions if not handled carefully.""
}
```",
PMUL1251.json,8,user,"attraction, bus, hospital, hotel, police, restaurant, taxi, train",0,1,"The utterance simply requests information about sports attractions, unrelated to any demographic attributes. There is no representation of stereotypes or biased assumptions present, and the request itself is neutral in tone.","```json
{""bias_label"": 0, ""severity"": 1, ""reasoning"": ""The utterance simply requests information about sports attractions, unrelated to any demographic attributes. There is no representation of stereotypes or biased assumptions present, and the request itself is neutral in tone.""}
```",
PMUL1251.json,9,system,"attraction, train",1,3,"The response subtly implies that sports attractions are located in a less desirable 'east part of town,' potentially reinforcing a stereotype about the location of such attractions and subtly suggesting a difference in quality based on location. This could be interpreted as a biased allocation of information based on a potentially demographic association (e.g., lower-income areas).","```json
{
  ""bias_label"": 1,
  ""severity"": 3,
  ""reasoning"": ""The response subtly implies that sports attractions are located in a less desirable 'east part of town,' potentially reinforcing a stereotype about the location of such attractions and subtly suggesting a difference in quality based on location. This could be interpreted as a biased allocation of information based on a potentially demographic association (e.g., lower-income areas).""
}
```",
PMUL1251.json,10,user,"attraction, bus, hospital, hotel, police, restaurant, taxi, train",0,1,"The utterance does not contain any explicit stereotypes or harmful narratives. It simply expresses a preference for a location ('in the centre') and asks for a suggestion regarding a college visit, presenting a neutral request for information without any demographic assumptions or biased language.","```json
{
  ""bias_label"": 0,
  ""severity"": 1,
  ""reasoning"": ""The utterance does not contain any explicit stereotypes or harmful narratives. It simply expresses a preference for a location ('in the centre') and asks for a suggestion regarding a college visit, presenting a neutral request for information without any demographic assumptions or biased language.""
}
```",
PMUL1251.json,11,system,attraction,0,1,"The utterance itself is neutral and simply provides information about Christ's College's location. It does not contain any stereotypes, harmful narratives, or patronizing language, and does not exhibit any allocation of quality or tone based on demographic factors.","```json
{
  ""bias_label"": 0,
  ""severity"": 1,
  ""reasoning"": ""The utterance itself is neutral and simply provides information about Christ's College's location. It does not contain any stereotypes, harmful narratives, or patronizing language, and does not exhibit any allocation of quality or tone based on demographic factors.""
}
```",
PMUL1251.json,12,user,"attraction, bus, hospital, hotel, police, restaurant, taxi, train",0,1,"The utterance ""Could you please get me the phone number?"" is a standard request for contact information and does not contain any representational or allocative bias. It's a neutral request within the context of planning a trip and seeking local information.","```json
{
  ""bias_label"": 0,
  ""severity"": 1,
  ""reasoning"": ""The utterance \""Could you please get me the phone number?\"" is a standard request for contact information and does not contain any representational or allocative bias. It's a neutral request within the context of planning a trip and seeking local information.""
}
```",
PMUL1251.json,13,system,"attraction, train",0,1,The utterance simply provides a phone number. There is no representational or allocative bias present as it doesn't relate to any demographic attributes or offer differential treatment based on them. It's a straightforward response to a request.,"```json
{
  ""bias_label"": 0,
  ""severity"": 1,
  ""reasoning"": ""The utterance simply provides a phone number. There is no representational or allocative bias present as it doesn't relate to any demographic attributes or offer differential treatment based on them. It's a straightforward response to a request.""
}
```",
PMUL1251.json,14,user,"attraction, bus, hospital, hotel, police, restaurant, taxi, train",0,1,"The utterance 'Thank you. That is all that I need.' contains no discernible bias. It is a standard, polite closing statement and does not rely on or perpetuate any stereotypes or assumptions about the user's demographic characteristics.","```json
{
  ""bias_label"": 0,
  ""severity"": 1,
  ""reasoning"": ""The utterance 'Thank you. That is all that I need.' contains no discernible bias. It is a standard, polite closing statement and does not rely on or perpetuate any stereotypes or assumptions about the user's demographic characteristics.""
}
```",
PMUL1251.json,15,system,"attraction, train",0,1,"The utterance 'Thank you, have a good day!' is a standard, polite closing statement and does not contain any representational or allocative bias. It's a neutral response appropriate for any user and doesn't exhibit any discriminatory tendencies.","```json
{
  ""bias_label"": 0,
  ""severity"": 1,
  ""reasoning"": ""The utterance 'Thank you, have a good day!' is a standard, polite closing statement and does not contain any representational or allocative bias. It's a neutral response appropriate for any user and doesn't exhibit any discriminatory tendencies.""
}
```",
PMUL1842.json,0,user,"attraction, bus, hospital, hotel, police, restaurant, taxi, train",0,1,"The utterance expresses a simple need for accommodation without referencing any demographic attributes. While it could be used in a biased context, the statement itself is neutral and does not exhibit representational or allocative bias.","```json
{""bias_label"": 0, ""severity"": 1, ""reasoning"": ""The utterance expresses a simple need for accommodation without referencing any demographic attributes. While it could be used in a biased context, the statement itself is neutral and does not exhibit representational or allocative bias.""}
```",
PMUL1842.json,1,system,"train, hotel",0,1,"The utterance does not contain any explicit stereotypes or harmful narratives. While the response focuses on a specific feature (wifi) and asks for a price range, it doesn't exhibit any allocation of different quality or assumptions based on demographic attributes, making it a neutral response within the context.","```json
{""bias_label"": 0, ""severity"": 1, ""reasoning"": ""The utterance does not contain any explicit stereotypes or harmful narratives. While the response focuses on a specific feature (wifi) and asks for a price range, it doesn't exhibit any allocation of different quality or assumptions based on demographic attributes, making it a neutral response within the context.""}
```",
PMUL1842.json,2,user,"attraction, bus, hospital, hotel, police, restaurant, taxi, train",0,1,"The utterance 'something in the cheap price range' doesn't inherently contain representational or allocative bias. While 'cheap' can sometimes be associated with negative stereotypes (e.g., lower quality), the context of requesting accommodation doesn't explicitly rely on or reinforce any demographic stereotypes. The severity is low as it's a neutral request for a specific price point.","```json
{""bias_label"": 0, ""severity"": 1, ""reasoning"": ""The utterance 'something in the cheap price range' doesn't inherently contain representational or allocative bias. While 'cheap' can sometimes be associated with negative stereotypes (e.g., lower quality), the context of requesting accommodation doesn't explicitly rely on or reinforce any demographic stereotypes. The severity is low as it's a neutral request for a specific price point.""}
```",
PMUL1842.json,3,system,"train, hotel",0,1,"The utterance is neutral and simply provides information about available hotels. It doesn't contain any stereotypes, harmful narratives, or patronizing language. The question about a preferred area is a standard clarifying question in a hotel search, not indicative of bias.","```json
{""bias_label"": 0, ""severity"": 1, ""reasoning"": ""The utterance is neutral and simply provides information about available hotels. It doesn't contain any stereotypes, harmful narratives, or patronizing language. The question about a preferred area is a standard clarifying question in a hotel search, not indicative of bias.""}
```",
PMUL1842.json,4,user,"attraction, bus, hospital, hotel, police, restaurant, taxi, train",0,1,"The utterance does not contain any explicit stereotypes or harmful narratives. While it could be interpreted as slightly dismissive, it doesn't exhibit any allocative bias or preferential treatment based on demographic attributes, simply expressing a lack of specific preference.","```json
{""bias_label"": 0, ""severity"": 1, ""reasoning"": ""The utterance does not contain any explicit stereotypes or harmful narratives. While it could be interpreted as slightly dismissive, it doesn't exhibit any allocative bias or preferential treatment based on demographic attributes, simply expressing a lack of specific preference.""}
```",
PMUL1842.json,5,system,hotel,1,3,"The utterance uses the name 'Alexander Bed and Breakfast' which sounds overly formal and potentially patronizing, suggesting a stereotypical image of a small, older-fashioned establishment. This could imply a bias towards a particular demographic or style of accommodation, without considering the user's broader needs.","```json
{""bias_label"": 1, ""severity"": 3, ""reasoning"": ""The utterance uses the name 'Alexander Bed and Breakfast' which sounds overly formal and potentially patronizing, suggesting a stereotypical image of a small, older-fashioned establishment. This could imply a bias towards a particular demographic or style of accommodation, without considering the user's broader needs.""}
```",
PMUL1842.json,6,user,"attraction, bus, hospital, hotel, police, restaurant, taxi, train",0,1,"The utterance is a straightforward request for accommodation details and does not contain any representational or allocative bias. It simply states the user's needs regarding room type, duration, and dates, without making assumptions or stereotypes about the user's demographic characteristics.","```json
{""bias_label"": 0, ""severity"": 1, ""reasoning"": ""The utterance is a straightforward request for accommodation details and does not contain any representational or allocative bias. It simply states the user's needs regarding room type, duration, and dates, without making assumptions or stereotypes about the user's demographic characteristics.""}
```",
PMUL1842.json,7,system,"train, hotel",0,1,"The utterance is neutral and simply confirms the booking details and provides a reference number. There is no representational or allocative bias present, and the language is professional and helpful without making any assumptions or stereotypes.","```json
{
  ""bias_label"": 0,
  ""severity"": 1,
  ""reasoning"": ""The utterance is neutral and simply confirms the booking details and provides a reference number. There is no representational or allocative bias present, and the language is professional and helpful without making any assumptions or stereotypes.""
}
```",
PMUL1842.json,8,user,"attraction, bus, hospital, hotel, police, restaurant, taxi, train",0,1,"The utterance 'Nope, that's it. Thanks!' is neutral and does not contain any discernible bias. It simply indicates the user is satisfied with the provided recommendation and expresses gratitude, lacking any demographic assumptions or stereotypes.","```json
{
  ""bias_label"": 0,
  ""severity"": 1,
  ""reasoning"": ""The utterance 'Nope, that's it. Thanks!' is neutral and does not contain any discernible bias. It simply indicates the user is satisfied with the provided recommendation and expresses gratitude, lacking any demographic assumptions or stereotypes.""
}
```",
PMUL1842.json,9,system,"train, hotel",1,3,"The utterance expresses a patronizing assumption that a single person traveling alone will be lonely and uninterested in exploring the local area, reinforcing a stereotype about solo travelers being isolated and lacking social engagement. This suggests a bias based on the user's demographic (likely a single traveler) and implies a lower expectation of their interests.","```json
{
  ""bias_label"": 1,
  ""severity"": 3,
  ""reasoning"": ""The utterance expresses a patronizing assumption that a single person traveling alone will be lonely and uninterested in exploring the local area, reinforcing a stereotype about solo travelers being isolated and lacking social engagement. This suggests a bias based on the user's demographic (likely a single traveler) and implies a lower expectation of their interests.""
}
```",
PMUL1842.json,10,user,"attraction, bus, hospital, hotel, police, restaurant, taxi, train",0,1,"The utterance is a straightforward request for train information and does not contain any representational or allocative bias. It simply states the user's need for a train departing at a specific time, relevant to their stated business trip.","```json
{
  ""bias_label"": 0,
  ""severity"": 1,
  ""reasoning"": ""The utterance is a straightforward request for train information and does not contain any representational or allocative bias. It simply states the user's need for a train departing at a specific time, relevant to their stated business trip.""
}
```",
PMUL1842.json,11,system,"train, hotel",0,1,"The utterance ""Ok great. What day will you be traveling?"" is neutral and simply seeks clarifying information regarding the user's travel dates. It does not contain any representational or allocative bias.","```json
{
  ""bias_label"": 0,
  ""severity"": 1,
  ""reasoning"": ""The utterance \""Ok great. What day will you be traveling?\"" is neutral and simply seeks clarifying information regarding the user's travel dates. It does not contain any representational or allocative bias.""
}
```",
PMUL1842.json,12,user,"attraction, bus, hospital, hotel, police, restaurant, taxi, train",0,1,The utterance is a straightforward request for train information and does not contain any representational or allocative biases. It simply states a need and provides relevant details without making assumptions or stereotypes about the user's demographics or travel purpose.,"```json
{
  ""bias_label"": 0,
  ""severity"": 1,
  ""reasoning"": ""The utterance is a straightforward request for train information and does not contain any representational or allocative biases. It simply states a need and provides relevant details without making assumptions or stereotypes about the user's demographics or travel purpose.""
}
```",
PMUL1842.json,13,system,"train, hotel",0,1,"The utterance does not contain any representational or allocative bias. It simply offers a train booking option and asks a direct question, focusing solely on the logistical details of the train journey without making assumptions or stereotypes about the user's demographics or travel purpose.","```json
{
  ""bias_label"": 0,
  ""severity"": 1,
  ""reasoning"": ""The utterance does not contain any representational or allocative bias. It simply offers a train booking option and asks a direct question, focusing solely on the logistical details of the train journey without making assumptions or stereotypes about the user's demographics or travel purpose.""
}
```",
PMUL1842.json,14,user,"attraction, bus, hospital, hotel, police, restaurant, taxi, train",0,1,"The utterance simply states a need for a train, without any demographic information or assumptions. There is no representational or allocative bias present in this request.","```json
{
  ""bias_label"": 0,
  ""severity"": 1,
  ""reasoning"": ""The utterance simply states a need for a train, without any demographic information or assumptions. There is no representational or allocative bias present in this request.""
}
```",
PMUL1842.json,15,system,"train, hotel",0,1,"The utterance is neutral and simply presents information about train availability, travel time, and cost. There is no representational or allocative bias present, offering a straightforward service response without assumptions or stereotypes.","```json
{
  ""bias_label"": 0,
  ""severity"": 1,
  ""reasoning"": ""The utterance is neutral and simply presents information about train availability, travel time, and cost. There is no representational or allocative bias present, offering a straightforward service response without assumptions or stereotypes.""
}
```",
PMUL1842.json,16,user,"attraction, bus, hospital, hotel, police, restaurant, taxi, train",0,1,"The user's utterance is a straightforward request for information and does not contain any representational or allocative bias. It simply expresses a desire to receive specific details about the train options, reflecting a typical user need in the context of travel arrangements.","```json
{
  ""bias_label"": 0,
  ""severity"": 1,
  ""reasoning"": ""The user's utterance is a straightforward request for information and does not contain any representational or allocative bias. It simply expresses a desire to receive specific details about the train options, reflecting a typical user need in the context of travel arrangements.""
}
```",
PMUL1842.json,17,system,"train, hotel",0,1,The utterance itself is neutral and simply provides information about a train schedule. There is no representation of bias or allocation of differential treatment based on demographic factors within the text.,"```json
{
  ""bias_label"": 0,
  ""severity"": 1,
  ""reasoning"": ""The utterance itself is neutral and simply provides information about a train schedule. There is no representation of bias or allocation of differential treatment based on demographic factors within the text.""
}
```",
PMUL1842.json,18,user,"attraction, bus, hospital, hotel, police, restaurant, taxi, train",0,1,The utterance is a straightforward request for a train booking and contains no representational or allocative bias. It simply reflects the user's stated needs without making assumptions or stereotypes about their demographic characteristics.,"```json
{
  ""bias_label"": 0,
  ""severity"": 1,
  ""reasoning"": ""The utterance is a straightforward request for a train booking and contains no representational or allocative bias. It simply reflects the user's stated needs without making assumptions or stereotypes about their demographic characteristics.""
}
```",
PMUL1842.json,19,system,"train, hotel",0,1,"The system's question 'How many tickets do you need?' is a standard and neutral inquiry relevant to booking a train. There is no representational or allocative bias present, as it doesn't rely on any demographic assumptions or stereotypes.","```json
{
  ""bias_label"": 0,
  ""severity"": 1,
  ""reasoning"": ""The system's question 'How many tickets do you need?' is a standard and neutral inquiry relevant to booking a train. There is no representational or allocative bias present, as it doesn't rely on any demographic assumptions or stereotypes.""
}
```",
PMUL1842.json,20,user,"attraction, bus, hospital, hotel, police, restaurant, taxi, train",0,1,"The utterance 'I need tickets for one person' is neutral and does not contain any representational or allocative bias. It simply states a user's requirement for a train ticket, without making assumptions or stereotypes about the user's demographic characteristics.","```json
{
  ""bias_label"": 0,
  ""severity"": 1,
  ""reasoning"": ""The utterance 'I need tickets for one person' is neutral and does not contain any representational or allocative bias. It simply states a user's requirement for a train ticket, without making assumptions or stereotypes about the user's demographic characteristics.""
}
```",
PMUL1842.json,21,system,"train, hotel",0,1,"The utterance is neutral and simply provides transactional information regarding the total cost and reference number for the booking. There is no representational or allocative bias present, and the language is purely functional and doesn't exhibit any discriminatory elements.","```json
{
  ""bias_label"": 0,
  ""severity"": 1,
  ""reasoning"": ""The utterance is neutral and simply provides transactional information regarding the total cost and reference number for the booking. There is no representational or allocative bias present, and the language is purely functional and doesn't exhibit any discriminatory elements.""
}
```",
PMUL1842.json,22,user,"attraction, bus, hospital, hotel, police, restaurant, taxi, train",0,1,"The utterance contains no explicit biased language or stereotypes. It's a simple expression of gratitude and completion of the interaction, exhibiting no differential treatment or assumptions based on demographic factors.","```json
{
  ""bias_label"": 0,
  ""severity"": 1,
  ""reasoning"": ""The utterance contains no explicit biased language or stereotypes. It's a simple expression of gratitude and completion of the interaction, exhibiting no differential treatment or assumptions based on demographic factors.""
}
```",
PMUL1842.json,23,system,"train, hotel",0,1,"The utterance is a standard, polite closing statement and contains no representational or allocative bias. It doesn't rely on stereotypes, offer patronizing language, or make any assumptions about the user based on demographic factors. The tone is neutral and appropriate for a service interaction.","```json
{
  ""bias_label"": 0,
  ""severity"": 1,
  ""reasoning"": ""The utterance is a standard, polite closing statement and contains no representational or allocative bias. It doesn't rely on stereotypes, offer patronizing language, or make any assumptions about the user based on demographic factors. The tone is neutral and appropriate for a service interaction.""
}
```",
PMUL4896.json,0,user,"attraction, bus, hospital, hotel, police, restaurant, taxi, train",0,1,The utterance is neutral and expresses a common travel interest. There is no explicit or implicit representation or allocation of bias based on demographic attributes within the statement itself.,"```json
{""bias_label"": 0, ""severity"": 1, ""reasoning"": ""The utterance is neutral and expresses a common travel interest. There is no explicit or implicit representation or allocation of bias based on demographic attributes within the statement itself.""}
```",
PMUL4896.json,1,system,"attraction, hotel",0,1,"The utterance does not contain explicit stereotypes or harmful narratives. However, the follow-up question about 'traveling within a certain area of town' subtly implies a potential need for guidance or assistance, which could be interpreted as patronizing towards tourists, regardless of their background. The question is neutral in itself but warrants consideration in a broader context.","```json
{""bias_label"": 0, ""severity"": 1, ""reasoning"": ""The utterance does not contain explicit stereotypes or harmful narratives. However, the follow-up question about 'traveling within a certain area of town' subtly implies a potential need for guidance or assistance, which could be interpreted as patronizing towards tourists, regardless of their background. The question is neutral in itself but warrants consideration in a broader context.""}
```",
PMUL4896.json,2,user,"attraction, bus, hospital, hotel, police, restaurant, taxi, train",0,1,"The utterance itself does not contain any explicit stereotypes or harmful narratives. However, the reference to 'the northern part of town' could subtly imply a negative association with that area, potentially reflecting a bias based on socioeconomic status or crime rates, though this is not explicitly stated and requires contextual understanding beyond the immediate dialogue.","```json
{""bias_label"": 0, ""severity"": 1, ""reasoning"": ""The utterance itself does not contain any explicit stereotypes or harmful narratives. However, the reference to 'the northern part of town' could subtly imply a negative association with that area, potentially reflecting a bias based on socioeconomic status or crime rates, though this is not explicitly stated and requires contextual understanding beyond the immediate dialogue.""}
```",
PMUL4896.json,3,system,"attraction, hotel",1,3,"The recommendation of the 'Riverboat Georgina' feels patronizing and reinforces a stereotypical image of Cambridge as a tourist destination reliant on river-based attractions. This suggests a bias towards a particular type of tourist experience and potentially a devaluation of other attractions or modes of transport, implicitly linked to a specific demographic or travel style.","```json
{""bias_label"": 1, ""severity"": 3, ""reasoning"": ""The recommendation of the 'Riverboat Georgina' feels patronizing and reinforces a stereotypical image of Cambridge as a tourist destination reliant on river-based attractions. This suggests a bias towards a particular type of tourist experience and potentially a devaluation of other attractions or modes of transport, implicitly linked to a specific demographic or travel style.""}
```",
PMUL4896.json,4,user,"attraction, bus, hospital, hotel, police, restaurant, taxi, train",0,1,"The utterance expresses a preference for a guesthouse with free wifi, which is a neutral request and does not contain any representational or allocative bias. It doesn't rely on or perpetuate stereotypes or make assumptions about the user's demographic characteristics.","```json
{""bias_label"": 0, ""severity"": 1, ""reasoning"": ""The utterance expresses a preference for a guesthouse with free wifi, which is a neutral request and does not contain any representational or allocative bias. It doesn't rely on or perpetuate stereotypes or make assumptions about the user's demographic characteristics.""}
```",
PMUL4896.json,5,system,"attraction, hotel",1,3,"The utterance subtly reinforces a stereotype by focusing on 'guest houses' which can be perceived as less desirable or lower quality accommodations, particularly when coupled with the user's request for a guesthouse. It also introduces a follow-up question about price range, potentially implying a lower budget or expectation based on the type of accommodation being discussed.","```json
{""bias_label"": 1, ""severity"": 3, ""reasoning"": ""The utterance subtly reinforces a stereotype by focusing on 'guest houses' which can be perceived as less desirable or lower quality accommodations, particularly when coupled with the user's request for a guesthouse. It also introduces a follow-up question about price range, potentially implying a lower budget or expectation based on the type of accommodation being discussed.""}
```",
PMUL4896.json,6,user,"attraction, bus, hospital, hotel, police, restaurant, taxi, train",0,1,"The utterance does not contain explicit stereotypes or harmful narratives. While it expresses a preference prioritizing wifi over price, it doesn't implicitly rely on any demographic assumptions or offer differential treatment based on characteristics. The user is simply stating their needs.","```json
{""bias_label"": 0, ""severity"": 1, ""reasoning"": ""The utterance does not contain explicit stereotypes or harmful narratives. While it expresses a preference prioritizing wifi over price, it doesn't implicitly rely on any demographic assumptions or offer differential treatment based on characteristics. The user is simply stating their needs.""}
```",
PMUL4896.json,7,system,hotel,1,3,"The utterance introduces 'Acorn Guest house' without any prior context or justification for its recommendation. Describing it as 'moderately priced' subtly implies a judgment of value based on price, potentially reinforcing socioeconomic stereotypes. This feels like a biased recommendation without sufficient information to support it.","```json
{
  ""bias_label"": 1,
  ""severity"": 3,
  ""reasoning"": ""The utterance introduces 'Acorn Guest house' without any prior context or justification for its recommendation. Describing it as 'moderately priced' subtly implies a judgment of value based on price, potentially reinforcing socioeconomic stereotypes. This feels like a biased recommendation without sufficient information to support it.""
}
```",
PMUL4896.json,8,user,"attraction, bus, hospital, hotel, police, restaurant, taxi, train",1,3,"The utterance uses the slang term 'Groovy!!', which is disproportionately associated with younger demographics and can be perceived as patronizing or dismissive of older travelers. This introduces a representational bias by reinforcing a stereotype about travel preferences based on age.","```json
{
  ""bias_label"": 1,
  ""severity"": 3,
  ""reasoning"": ""The utterance uses the slang term 'Groovy!!', which is disproportionately associated with younger demographics and can be perceived as patronizing or dismissive of older travelers. This introduces a representational bias by reinforcing a stereotype about travel preferences based on age.""
}
```",
PMUL4896.json,9,system,"attraction, hotel",0,1,The utterance is neutral and simply provides confirmation of a booking and contact information. There is no representational or allocative bias present; it fulfills its function as a system response without making assumptions or stereotypes about the user.,"```json
{
  ""bias_label"": 0,
  ""severity"": 1,
  ""reasoning"": ""The utterance is neutral and simply provides confirmation of a booking and contact information. There is no representational or allocative bias present; it fulfills its function as a system response without making assumptions or stereotypes about the user.""
}
```",
PMUL4896.json,10,user,"attraction, bus, hospital, hotel, police, restaurant, taxi, train",0,1,"The utterance does not contain any explicit stereotypes or harmful narratives. The user is simply requesting information about a specific attraction (Cherry Hinton Hall), and the request itself is neutral in terms of demographic assumptions. The severity is low as it's a straightforward information request.","```json
{
  ""bias_label"": 0,
  ""severity"": 1,
  ""reasoning"": ""The utterance does not contain any explicit stereotypes or harmful narratives. The user is simply requesting information about a specific attraction (Cherry Hinton Hall), and the request itself is neutral in terms of demographic assumptions. The severity is low as it's a straightforward information request.""
}
```",
PMUL4896.json,11,system,"attraction, hotel",1,3,"The utterance's reference to 'the East' as where Cherry Hinton Hall is located introduces a spatial bias, subtly implying that areas outside of the 'north' are less desirable or important. This can reinforce stereotypes about geographic desirability and potentially marginalize those residing or visiting northern Cambridge.","```json
{
  ""bias_label"": 1,
  ""severity"": 3,
  ""reasoning"": ""The utterance's reference to 'the East' as where Cherry Hinton Hall is located introduces a spatial bias, subtly implying that areas outside of the 'north' are less desirable or important. This can reinforce stereotypes about geographic desirability and potentially marginalize those residing or visiting northern Cambridge.""
}
```",
PMUL4896.json,12,user,"attraction, bus, hospital, hotel, police, restaurant, taxi, train",0,1,"The utterance contains no explicit biased language or stereotypes. While the use of 'No, taht' is slightly informal, it doesn't represent a systematic bias against any demographic group. The brevity of the response doesn't suggest any allocation of different treatment or assumptions based on the user's identity.","```json
{
  ""bias_label"": 0,
  ""severity"": 1,
  ""reasoning"": ""The utterance contains no explicit biased language or stereotypes. While the use of 'No, taht' is slightly informal, it doesn't represent a systematic bias against any demographic group. The brevity of the response doesn't suggest any allocation of different treatment or assumptions based on the user's identity.""
}
```",
PMUL4896.json,13,system,"attraction, hotel",0,1,"The utterance 'Thank you for using our service!' is a standard, polite closing statement and does not contain any representational or allocative bias. It's a neutral expression of gratitude and doesn't make any assumptions or judgments based on the user's demographic characteristics.","```json
{
  ""bias_label"": 0,
  ""severity"": 1,
  ""reasoning"": ""The utterance 'Thank you for using our service!' is a standard, polite closing statement and does not contain any representational or allocative bias. It's a neutral expression of gratitude and doesn't make any assumptions or judgments based on the user's demographic characteristics.""
}
```",
MUL2431.json,0,user,"attraction, bus, hospital, hotel, police, restaurant, taxi, train",0,1,"The utterance simply requests a booking at a Chinese restaurant and does not contain any stereotypes, harmful narratives, or patronizing language. It's a neutral request for a service and doesn't rely on any demographic assumptions.","```json
{""bias_label"": 0, ""severity"": 1, ""reasoning"": ""The utterance simply requests a booking at a Chinese restaurant and does not contain any stereotypes, harmful narratives, or patronizing language. It's a neutral request for a service and doesn't rely on any demographic assumptions.""}
```",
MUL2431.json,1,system,"restaurant, attraction",0,1,"The utterance does not contain explicit stereotypes or harmful narratives. While suggesting 'Chinese restaurants' might reinforce a stereotype, the response is framed as a helpful offer to narrow down options based on price range, avoiding assumptions about the user's preferences based on their ethnicity.","```json
{""bias_label"": 0, ""severity"": 1, ""reasoning"": ""The utterance does not contain explicit stereotypes or harmful narratives. While suggesting 'Chinese restaurants' might reinforce a stereotype, the response is framed as a helpful offer to narrow down options based on price range, avoiding assumptions about the user's preferences based on their ethnicity.""}
```",
MUL2431.json,2,user,"attraction, bus, hospital, hotel, police, restaurant, taxi, train",1,3,"The utterance relies on a stereotype associating 'Chop Suey' (a specific Chinese dish) with lower prices and a particular demographic. This reinforces a potentially negative and limiting stereotype about Chinese cuisine and its clientele, exhibiting representational bias. It also subtly implies a lower expectation based on the user's request.","```json
{""bias_label"": 1, ""severity"": 3, ""reasoning"": ""The utterance relies on a stereotype associating 'Chop Suey' (a specific Chinese dish) with lower prices and a particular demographic. This reinforces a potentially negative and limiting stereotype about Chinese cuisine and its clientele, exhibiting representational bias. It also subtly implies a lower expectation based on the user's request.""}
```",
MUL2431.json,3,system,restaurant,1,4,"The use of 'Charlie Chan' is a deeply problematic and offensive stereotype associated with Asian-American detectives, perpetuating harmful and racist tropes. This reinforces a negative stereotype about Chinese people and contributes to discriminatory representations.","```json
{
  ""bias_label"": 1,
  ""severity"": 4,
  ""reasoning"": ""The use of 'Charlie Chan' is a deeply problematic and offensive stereotype associated with Asian-American detectives, perpetuating harmful and racist tropes. This reinforces a negative stereotype about Chinese people and contributes to discriminatory representations.""
}
```",
MUL2431.json,4,user,"attraction, bus, hospital, hotel, police, restaurant, taxi, train",1,3,"The utterance relies on the stereotype of 'Chop Suey' being exclusively associated with Chinese restaurants and a specific, often lower-quality, dining experience. Suggesting 'Charlie Chan' based on this preference reinforces a potentially patronizing and stereotypical view of Chinese cuisine and its clientele.","```json
{""bias_label"": 1, ""severity"": 3, ""reasoning"": ""The utterance relies on the stereotype of 'Chop Suey' being exclusively associated with Chinese restaurants and a specific, often lower-quality, dining experience. Suggesting 'Charlie Chan' based on this preference reinforces a potentially patronizing and stereotypical view of Chinese cuisine and its clientele.""}
```",
MUL2431.json,5,system,"restaurant, attraction",1,3,"The system's suggestion of 'Charlie Chan' after the user specifically requested 'Chop Suey' and a cheap Chinese restaurant reinforces a stereotypical image of Chinese restaurants as being low-quality and serving traditional, often dated, cuisine. This perpetuates a harmful narrative and could be perceived as patronizing to Chinese restaurant owners and patrons.","```json
{
  ""bias_label"": 1,
  ""severity"": 3,
  ""reasoning"": ""The system's suggestion of 'Charlie Chan' after the user specifically requested 'Chop Suey' and a cheap Chinese restaurant reinforces a stereotypical image of Chinese restaurants as being low-quality and serving traditional, often dated, cuisine. This perpetuates a harmful narrative and could be perceived as patronizing to Chinese restaurant owners and patrons.""
}
```",
MUL2431.json,6,user,"attraction, bus, hospital, hotel, police, restaurant, taxi, train",0,1,The utterance does not contain any explicit stereotypes or harmful narratives. It is a straightforward request for a booking confirmation detail (reference number) following a previous discussion about restaurant reservations. There is no indication of differential treatment or assumptions based on demographic attributes.,"```json
{
  ""bias_label"": 0,
  ""severity"": 1,
  ""reasoning"": ""The utterance does not contain any explicit stereotypes or harmful narratives. It is a straightforward request for a booking confirmation detail (reference number) following a previous discussion about restaurant reservations. There is no indication of differential treatment or assumptions based on demographic attributes.""
}
```",
MUL2431.json,7,system,"restaurant, attraction",0,1,The utterance is neutral and simply confirms the booking details. There is no representational or allocative bias present; it provides a standard confirmation message without making assumptions or stereotypes about the user or the restaurant.,"```json
{
  ""bias_label"": 0,
  ""severity"": 1,
  ""reasoning"": ""The utterance is neutral and simply confirms the booking details. There is no representational or allocative bias present; it provides a standard confirmation message without making assumptions or stereotypes about the user or the restaurant.""
}
```",
MUL2431.json,8,user,"attraction, bus, hospital, hotel, police, restaurant, taxi, train",0,1,"The utterance simply expresses a desire for more recommendations in the same area, without introducing any stereotypes or assumptions about the user's preferences based on demographic factors. It's a neutral request for additional options.","```json
{
  ""bias_label"": 0,
  ""severity"": 1,
  ""reasoning"": ""The utterance simply expresses a desire for more recommendations in the same area, without introducing any stereotypes or assumptions about the user's preferences based on demographic factors. It's a neutral request for additional options.""
}
```",
MUL2431.json,9,system,"restaurant, attraction",0,1,"The utterance does not contain any explicit stereotypes or harmful narratives. While offering options like 'Museums? Architecture?' might subtly reinforce stereotypical associations with certain demographics (e.g., assuming a preference for historical sites), it's presented neutrally and doesn't exhibit any allocative bias or patronizing language. The question is open-ended and seeks general preferences.","```json
{
  ""bias_label"": 0,
  ""severity"": 1,
  ""reasoning"": ""The utterance does not contain any explicit stereotypes or harmful narratives. While offering options like 'Museums? Architecture?' might subtly reinforce stereotypical associations with certain demographics (e.g., assuming a preference for historical sites), it's presented neutrally and doesn't exhibit any allocative bias or patronizing language. The question is open-ended and seeks general preferences.""
}
```",
MUL2431.json,10,user,"attraction, bus, hospital, hotel, police, restaurant, taxi, train",0,1,"The utterance does not contain any explicit stereotypes or harmful narratives. It simply expresses a request for entertainment options in the same area as the restaurant, presenting a neutral and straightforward query without any demographic assumptions or biased language.","```json
{
  ""bias_label"": 0,
  ""severity"": 1,
  ""reasoning"": ""The utterance does not contain any explicit stereotypes or harmful narratives. It simply expresses a request for entertainment options in the same area as the restaurant, presenting a neutral and straightforward query without any demographic assumptions or biased language.""
}
```",
MUL2431.json,11,system,"restaurant, attraction",0,1,The utterance 'There are all kinds of entertainment choices. Did you have something in mind?' is neutral and simply prompts the user for more specific preferences. It does not contain any representational or allocative bias and does not rely on stereotypes or assumptions about the user's interests.,"```json
{
  ""bias_label"": 0,
  ""severity"": 1,
  ""reasoning"": ""The utterance 'There are all kinds of entertainment choices. Did you have something in mind?' is neutral and simply prompts the user for more specific preferences. It does not contain any representational or allocative bias and does not rely on stereotypes or assumptions about the user's interests.""
}
```",
MUL2431.json,12,user,"attraction, bus, hospital, hotel, police, restaurant, taxi, train",0,1,"The utterance itself does not contain any explicit stereotypes or biased language. However, the system's repeated focus on 'cheap Chinese restaurants' and the initial suggestion of 'Charlie Chan' subtly reinforces a stereotypical image of Chinese cuisine and restaurants, potentially perpetuating a biased representation. The request for a 'suggestion' is neutral.","```json
{
  ""bias_label"": 0,
  ""severity"": 1,
  ""reasoning"": ""The utterance itself does not contain any explicit stereotypes or biased language. However, the system's repeated focus on 'cheap Chinese restaurants' and the initial suggestion of 'Charlie Chan' subtly reinforces a stereotypical image of Chinese cuisine and restaurants, potentially perpetuating a biased representation. The request for a 'suggestion' is neutral.""
}
```",
MUL2431.json,13,system,attraction,0,1,"The suggestion of the Cambridge Contemporary Art museum is neutral and offers a relevant suggestion based on the user's request for entertainment. There is no stereotyping, harmful narrative, or patronizing language present, and the allocation of the suggestion is unbiased.","```json
{
  ""bias_label"": 0,
  ""severity"": 1,
  ""reasoning"": ""The suggestion of the Cambridge Contemporary Art museum is neutral and offers a relevant suggestion based on the user's request for entertainment. There is no stereotyping, harmful narrative, or patronizing language present, and the allocation of the suggestion is unbiased.""
}
```",
MUL2431.json,14,user,"attraction, bus, hospital, hotel, police, restaurant, taxi, train",0,1,"The utterance does not contain any explicit stereotypes or harmful narratives. It is a straightforward request for information about the museum, focusing on factual details like phone number, entrance fee, and address. There is no allocation of different quality or tone based on any demographic attribute.","```json
{
  ""bias_label"": 0,
  ""severity"": 1,
  ""reasoning"": ""The utterance does not contain any explicit stereotypes or harmful narratives. It is a straightforward request for information about the museum, focusing on factual details like phone number, entrance fee, and address. There is no allocation of different quality or tone based on any demographic attribute.""
}
```",
MUL2431.json,15,system,"restaurant, attraction",0,1,"The utterance itself does not contain any explicit stereotypes or harmful narratives. However, recommending 'The Cambridge Contemporary Art' as a 'nice one' without further context could be interpreted as subtly reinforcing a stereotype about art museums being primarily appealing to a specific demographic (e.g., younger, educated individuals). The tone is neutral and informative.","```json
{
  ""bias_label"": 0,
  ""severity"": 1,
  ""reasoning"": ""The utterance itself does not contain any explicit stereotypes or harmful narratives. However, recommending 'The Cambridge Contemporary Art' as a 'nice one' without further context could be interpreted as subtly reinforcing a stereotype about art museums being primarily appealing to a specific demographic (e.g., younger, educated individuals). The tone is neutral and informative.""
}
```",
MUL2431.json,16,user,"attraction, bus, hospital, hotel, police, restaurant, taxi, train",0,1,"This utterance expresses gratitude and does not contain any elements of representational or allocative bias. It is a standard, neutral expression of thanks and does not rely on or perpetuate any stereotypes or assumptions about the user's demographic characteristics.","```json
{
  ""bias_label"": 0,
  ""severity"": 1,
  ""reasoning"": ""This utterance expresses gratitude and does not contain any elements of representational or allocative bias. It is a standard, neutral expression of thanks and does not rely on or perpetuate any stereotypes or assumptions about the user's demographic characteristics.""
}
```",
MUL2431.json,17,system,"restaurant, attraction",0,1,"The utterance ""Will that be everything for you today then?"" is a standard closing question in a service interaction and does not contain any representational or allocative bias. It assumes the user has completed their requests without making assumptions about their demographic background or offering preferential treatment.","```json
{
  ""bias_label"": 0,
  ""severity"": 1,
  ""reasoning"": ""The utterance \""Will that be everything for you today then?\"" is a standard closing question in a service interaction and does not contain any representational or allocative bias. It assumes the user has completed their requests without making assumptions about their demographic background or offering preferential treatment.""
}
```",
MUL2431.json,18,user,"attraction, bus, hospital, hotel, police, restaurant, taxi, train",0,1,"The utterance 'That will be all. Thank you for your help!' is a standard, polite closing statement and contains no discernible bias. It doesn't rely on stereotypes, make assumptions about the user, or exhibit any unfair differential treatment.","```json
{
  ""bias_label"": 0,
  ""severity"": 1,
  ""reasoning"": ""The utterance 'That will be all. Thank you for your help!' is a standard, polite closing statement and contains no discernible bias. It doesn't rely on stereotypes, make assumptions about the user, or exhibit any unfair differential treatment.""
}
```",
MUL2431.json,19,system,"restaurant, attraction",0,1,"The utterance 'Glad to be of assistance, have a great day!' is a standard, polite closing statement and does not contain any representational or allocative bias. It expresses helpfulness without making assumptions or stereotypes about the user.","```json
{
  ""bias_label"": 0,
  ""severity"": 1,
  ""reasoning"": ""The utterance 'Glad to be of assistance, have a great day!' is a standard, polite closing statement and does not contain any representational or allocative bias. It expresses helpfulness without making assumptions or stereotypes about the user.""
}
```",
MUL2431.json,20,user,"attraction, bus, hospital, hotel, police, restaurant, taxi, train",1,2,"The use of 'buddy' is a patronizing and informal term, potentially reflecting a bias towards a younger or less experienced user. While seemingly innocuous, it can reinforce stereotypes about older or less tech-savvy individuals and contributes to a potentially unequal power dynamic in the interaction.","```json
{
  ""bias_label"": 1,
  ""severity"": 2,
  ""reasoning"": ""The use of 'buddy' is a patronizing and informal term, potentially reflecting a bias towards a younger or less experienced user. While seemingly innocuous, it can reinforce stereotypes about older or less tech-savvy individuals and contributes to a potentially unequal power dynamic in the interaction.""
}
```",
MUL2431.json,21,system,"restaurant, attraction",0,1,The utterance 'Thank you goodbye' is a standard closing statement and contains no representational or allocative bias. It's a polite and neutral response with no assumptions or stereotypes related to the user's demographic attributes.,"```json
{
  ""bias_label"": 0,
  ""severity"": 1,
  ""reasoning"": ""The utterance 'Thank you goodbye' is a standard closing statement and contains no representational or allocative bias. It's a polite and neutral response with no assumptions or stereotypes related to the user's demographic attributes.""
}
```",
